"year","month","date","source","sex","age","body_length","pregnant","CA","placental_scar"
2002,4,"2002-04-29","bycaught","f",2,116,NA,NA,NA
2002,9,"2002-09-24","bycaught","m",1,107.7,NA,NA,NA
2003,10,NA,"bycaught","m",0,103,NA,NA,NA
2003,12,NA,"bycaught","f",0,98,0,0,0
2004,7,"2004-07-09","bycaught","f",0,96,NA,NA,NA
2003,8,"2003-08-22","hunted","m",0,98,NA,NA,NA
2004,12,"2004-12-22","bycaught","f",0,93,0,0,0
2005,NA,NA,"bycaught","m",0,100,NA,NA,NA
2006,NA,"2006-10-11","bycaught","f",0,94.5,NA,NA,NA
2006,NA,"2006-10-25","bycaught","m",0,102.5,NA,NA,NA
2006,NA,"2006-12-13","bycaught","m",NA,109,NA,NA,NA
2007,NA,NA,"bycaught","f",0,81,NA,NA,NA
2007,6,"2007-06-26",NA,"m",48,134,NA,NA,NA
2007,8,"2007-08-20","bycaught","m",0,100.5,NA,NA,NA
2007,9,"2007-09-18",NA,"f",4,130.5,1,0,NA
2007,7,"2007-07-05","bycaught","f",2,108.5,0,NA,NA
2007,9,"2007-09-20","bycaught","f",9,123.5,0,0,NA
2007,10,"2007-10-02","bycaught","m",1,105.5,NA,NA,NA
2007,11,"2007-11-05","bycaught","f",1,113,0,0,0
2007,5,"2007-05-11","bycaught","m",0,78,NA,NA,NA
2008,5,"2008-05-13","bycaught","f",0,76.5,0,0,0
2008,1,"2008-01-01","hunted","m",3,133,NA,NA,NA
2008,5,"2008-05-25","bycaught","m",0,85.5,NA,NA,NA
2008,1,"2008-01-01","hunted","m",7,132.5,NA,NA,NA
2008,6,"2008-06-04","bycaught","m",0,90.5,NA,NA,NA
2008,5,NA,"bycaught","f",0,71.5,0,0,0
2008,5,NA,"bycaught","m",0,71.5,NA,NA,NA
2008,6,"2008-06-30","bycaught","m",0,87,NA,NA,NA
2008,5,"2008-05-28","hunted","m",0,100,NA,NA,NA
2008,6,"2008-06-03","hunted","f",1,105,0,0,0
2008,5,"2008-05-23","hunted","m",12,126.5,NA,NA,NA
2008,5,"2008-05-16","hunted","f",1,111,0,0,0
2008,6,"2008-06-01","hunted","f",4,117,0,NA,NA
2008,5,"2008-05-22","hunted","f",12,121.5,0,1,1
2008,5,"2008-05-23","hunted","m",7,119,NA,NA,NA
2008,6,"2008-06-05","hunted","f",1,110,0,0,0
2008,5,"2008-05-28","hunted","m",0,88.5,NA,NA,NA
2008,5,"2008-05-30","hunted","m",20,139,NA,NA,NA
2008,6,"2008-06-05","hunted","m",7,132.5,NA,NA,NA
2008,5,"2008-05-28","hunted","f",13,126.5,0,1,1
2008,6,"2008-06-07","hunted","f",1,100,0,0,0
2008,6,"2008-06-03","hunted","m",1,96,NA,NA,NA
2008,5,"2008-05-29","hunted","f",5,131,0,1,1
2008,5,"2008-05-29","hunted","f",7,131,0,1,1
2008,5,"2008-05-28","hunted","m",3,128,NA,NA,NA
2008,5,"2008-05-28","hunted","f",2,120.5,0,0,0
2008,5,"2008-05-30","hunted","m",14,147.5,NA,NA,NA
2008,5,"2008-05-20","bycaught","f",0,76.5,NA,0,0
2008,6,"2008-06-02","bycaught","m",0,81,NA,NA,NA
2008,5,"2008-05-15","bycaught","m",0,77,NA,NA,NA
2008,5,"2008-05-25","bycaught","m",0,84.5,NA,NA,NA
2008,5,"2008-05-28","hunted","f",6,127,0,1,1
2008,8,"2008-08-02","bycaught","f",0,98.5,0,0,0
2008,5,"2008-05-22","hunted","f",1,104.5,0,0,0
2008,5,"2008-05-30","hunted","m",1,104,NA,NA,NA
2008,5,"2008-05-28","hunted","m",2,108.5,NA,NA,NA
2008,5,"2008-05-28","hunted","f",3,105,0,0,0
2008,6,"2008-06-07","hunted","f",1,106.5,0,0,0
2008,6,"2008-06-04","hunted","f",1,108,0,0,0
2008,6,"2008-06-22","hunted","m",1,108.5,NA,NA,NA
2008,6,"2008-06-16","hunted","m",3,113,NA,NA,NA
2008,10,"2008-10-01","hunted","f",0,92,0,0,0
2009,6,NA,"bycaught","m",0,86,NA,NA,NA
2009,9,"2009-09-22","bycaught","m",0,91.5,NA,NA,NA
2009,4,"2009-04-24","bycaught","f",0,82,0,0,0
2010,8,"2010-08-17","bycaught","m",0,97.5,NA,NA,NA
2010,9,"2010-09-02","bycaught","f",0,101.5,0,0,0
2010,10,"2010-10-18","bycaught","f",0,103,0,0,0
2010,10,"2010-10-19","bycaught","f",0,98,0,0,0
2010,7,"2010-07-10","bycaught","m",0,85.5,NA,NA,NA
2011,9,"2011-09-26","bycaught","m",4,116.5,NA,NA,NA
2011,10,"2011-10-10","bycaught","f",8,140.5,1,1,NA
2011,10,"2011-10-05","stranded","m",0,100,NA,NA,NA
2011,10,"2011-10-18","bycaught","f",2,117,0,0,0
2011,12,"2011-12-02",NA,"f",17,125,0,NA,NA
2011,12,"2011-12-02",NA,"m",3,142,NA,NA,NA
2012,6,"2012-06-03","bycaught","m",0,85.5,NA,NA,NA
2012,8,"2012-08-20","stranded","f",0,92,0,0,0
2012,8,"2012-08-22","bycaught","f",0,96,0,0,0
2012,9,"2012-09-05","bycaught","f",0,107.5,NA,0,0
2012,9,"2012-09-10","bycaught","m",0,101.5,NA,NA,NA
2012,9,"2012-09-09","bycaught","m",3,110.5,NA,NA,NA
2012,8,"2012-08-10","bycaught","m",0,89,NA,NA,NA
2012,6,"2012-06-05","bycaught","m",0,84.5,NA,NA,NA
2012,9,"2012-09-03","bycaught","m",0,91.5,NA,NA,NA
2012,NA,NA,"bycaught","f",1,99.6,0,0,0
2012,8,"2012-08-19","bycaught","f",0,87.5,0,0,0
2012,5,"2012-05-22","bycaught","m",0,92,NA,NA,NA
2012,8,"2012-08-04","bycaught","f",0,91,NA,0,0
2012,8,"2012-08-22","bycaught","m",0,92,NA,NA,NA
2012,5,"2012-05-25","bycaught","f",1,105,NA,NA,NA
2012,5,"2012-05-25","bycaught","f",0,96,NA,NA,NA
2012,5,"2012-05-25","bycaught","m",0,94,NA,NA,NA
2013,8,"2013-08-02",NA,"m",14,127.5,NA,NA,NA
2012,10,"2012-10-10","bycaught","m",0,105,NA,NA,NA
2012,7,"2012-07-15","bycaught","f",0,80.5,NA,0,0
2013,8,"2013-08-27","bycaught","f",0,101.5,NA,0,0
2012,11,"2012-11-05","hunted","f",7,122,1,0,NA
2013,10,"2013-10-12","bycaught","f",0,102.5,NA,0,0
2012,10,"2012-10-20","bycaught","f",2,109,NA,0,0
2012,9,"2012-09-13","bycaught","f",0,91.5,0,0,0
2016,NA,NA,NA,"m",23,137,NA,NA,NA
2013,11,"2013-11-07","hunted","f",11,118,0,0,NA
2013,11,"2013-11-19","bycaught","m",3,123.5,NA,NA,NA
2013,11,"2013-11-07","hunted","f",12,124,1,NA,NA
2013,4,"2013-04-22","hunted","m",11,NA,NA,NA,NA
2012,10,"2012-10-26","hunted","f",12,124,1,1,NA
2012,7,"2012-07-09","bycaught","f",0,99,0,0,0
2012,9,"2012-09-07","bycaught","m",0,93.5,NA,NA,NA
2012,11,NA,"hunted","m",1,117,NA,NA,NA
2012,11,NA,"hunted","m",2,108.5,NA,NA,NA
2012,5,NA,"stranded","f",0,73.5,0,0,0
2012,9,"2012-09-02","bycaught","m",0,102,NA,NA,NA
2014,6,"2014-06-09","stranded","m",0,87,NA,NA,NA
2014,9,"2014-09-05","bycaught","m",0,98,NA,NA,NA
2014,11,"2014-11-03","hunted","f",23,125,NA,1,NA
2014,11,"2014-11-03","hunted","m",4,125,NA,NA,NA
2013,11,"2013-11-02","hunted","m",12,132.5,NA,NA,NA
2013,11,"2013-11-02","hunted","f",0,104,NA,0,0
2014,8,"2014-08-20","bycaught","f",0,98,0,0,0
2014,4,"2014-04-02","stranded","m",0,103,NA,NA,NA
2012,9,"2012-09-12","bycaught","f",0,100,0,0,0
2014,6,"2014-06-28","bycaught","f",0,91.5,0,0,0
2014,7,"2014-07-09","bycaught","m",0,94.5,NA,NA,NA
2014,8,"2014-08-16","bycaught","f",0,93.5,0,NA,0
2014,7,"2014-07-04","bycaught","m",0,81.5,NA,NA,NA
2014,5,"2014-05-23","bycaught","m",0,73,NA,NA,NA
2014,6,"2014-06-27","bycaught","m",0,84,NA,NA,NA
2014,6,"2014-06-20","bycaught","f",0,83,0,0,0
2014,6,"2014-06-26","bycaught","m",0,83,NA,NA,NA
2013,6,"2013-06-10","bycaught","m",0,77,NA,NA,NA
2014,10,"2014-10-03","bycaught","m",0,95,NA,NA,NA
2014,6,"2014-06-20","bycaught","m",0,87,NA,NA,NA
2014,7,"2014-07-19","bycaught","m",0,92.5,NA,NA,NA
2014,5,"2014-05-26","bycaught","m",0,76,NA,NA,NA
2014,8,"2014-08-16","bycaught","f",0,91,0,0,0
2014,10,"2014-10-17","bycaught","m",1,110,NA,NA,NA
2015,5,"2015-05-21","bycaught","f",1,104,0,NA,NA
2014,9,"2014-09-25","bycaught","f",0,96,0,0,0
2014,11,"2014-11-06","bycaught","f",0,108,0,0,0
2015,4,"2015-04-17","hunted","m",5,120,NA,NA,NA
2015,4,"2015-04-15","hunted","f",3,105,NA,NA,NA
2015,7,"2015-07-13","bycaught","m",0,91.5,NA,NA,NA
2015,6,"2015-06-22","hunted","f",1,106.5,0,0,0
2015,6,"2015-05-06","bycaught","m",1,100.5,NA,NA,NA
2015,6,"2015-05-06","hunted","m",33,142,NA,NA,NA
2016,NA,NA,"hunted",NA,0,NA,NA,NA,NA
NA,NA,NA,"hunted",NA,0,NA,NA,NA,NA
NA,NA,NA,"hunted",NA,1,NA,NA,NA,NA
NA,NA,NA,"hunted",NA,0,NA,NA,NA,NA
2015,6,"2015-05-06","hunted","m",0,74,NA,NA,NA
2015,6,"2015-05-06","hunted","f",0,70,0,0,0
2015,NA,NA,"hunted","m",24,126.5,NA,NA,NA
2015,5,"2015-05-01","bycaught","m",0,91,NA,NA,NA
2015,9,"2015-09-29","bycaught","m",0,107,NA,NA,NA
2015,10,"2015-10-09",NA,"f",2,116,0,0,0
2015,10,"2015-10-10",NA,"m",1,111,NA,NA,NA
2015,8,"2015-08-13","hunted","f",6,121,1,1,NA
2015,6,"2015-06-22","hunted","f",8,134,0,1,1
2015,10,"2015-10-03","hunted","m",1,120,NA,NA,NA
2015,6,"2015-06-22","hunted","f",2,114.5,0,0,0
2015,9,"2015-09-20","hunted","f",3,121,0,0,0
2015,5,"2015-05-30","hunted","m",29,133.5,NA,NA,NA
2015,12,"2015-12-09","hunted","m",17,150,NA,NA,NA
NA,2,NA,"hunted","m",0,91,NA,NA,NA
2015,7,"2015-07-19","bycaught","m",0,100.5,NA,NA,NA
2015,6,"2015-06-25","bycaught","f",20,132,0,1,1
2015,10,"2015-10-09","bycaught","f",0,108,0,0,0
2015,10,"2015-10-31","bycaught","f",0,96.5,0,NA,0
2015,8,"2015-08-28","bycaught","f",1,106.5,0,0,0
2016,9,"2016-09-08","hunted","m",26,NA,NA,NA,NA
2015,NA,NA,"bycaught","m",0,93,NA,NA,NA
2016,7,"2016-07-09","bycaught","m",0,99.5,NA,NA,NA
2015,5,"2015-05-27","bycaught","f",0,64,0,0,0
2016,7,NA,"bycaught","m",1,109,NA,NA,NA
2015,8,"2015-08-16","hunted","f",2,96,NA,0,0
2015,8,"2015-08-16","hunted","m",0,82,NA,NA,NA
2015,9,"2015-09-04","bycaught","m",0,98,NA,NA,NA
2015,9,"2015-09-10","hunted","m",3,140,NA,NA,NA
2016,5,"2016-05-04","hunted","m",2,122,NA,NA,NA
2016,12,"2016-12-20","hunted","m",17,110,NA,NA,NA
2016,5,"2016-05-08","hunted","m",1,117,NA,NA,NA
2016,5,"2016-05-08","hunted","m",17,135,NA,NA,NA
2016,5,"2016-05-08","hunted","m",17,128,NA,NA,NA
2016,5,"2016-05-09","hunted","m",8,129,NA,NA,NA
2016,5,"2016-05-09","hunted","m",13,140,NA,NA,NA
2016,6,"2016-06-02","hunted","m",12,142,NA,NA,NA
2016,5,"2016-05-16","hunted","m",NA,137,NA,NA,NA
2016,5,"2016-05-20","hunted","f",9,116,0,NA,NA
2016,5,"2016-05-24","hunted","f",21,122,0,1,NA
2016,5,NA,"hunted","m",6,120,NA,NA,NA
2016,5,"2016-05-07","hunted","f",13,102,0,NA,NA
2016,5,"2016-05-11","hunted","m",10,160,NA,NA,NA
2015,9,"2015-09-07","hunted","f",11,117,NA,1,1
2017,10,"2017-10-14","bycaught","m",0,102,NA,NA,NA
2016,5,"2016-05-07","hunted","m",21,130,NA,NA,NA
2016,5,"2016-05-07","hunted","m",3,110,NA,NA,NA
2016,5,"2016-05-14","hunted","f",10,150,NA,NA,NA
2015,6,"2015-06-09","hunted","m",3,140,NA,NA,NA
2015,10,"2015-10-11","hunted","m",9,135,NA,NA,NA
2017,5,"2017-05-06","hunted","m",18,135,NA,NA,NA
2018,6,"2018-06-01","hunted","f",17,132,NA,1,NA
2018,6,"2018-06-09","hunted","f",5,138,0,1,NA
2018,6,"2018-06-09","hunted","f",1,117,NA,0,0
2018,6,"2018-06-09","hunted","f",1,111,NA,0,0
2016,10,"2016-10-23","hunted","m",9,140,NA,NA,NA
2016,10,"2016-10-23","hunted","m",1,110,NA,NA,NA
2015,6,"2015-06-20","hunted","f",11,121,NA,NA,1
2015,6,"2015-06-21","bycaught","m",0,80,NA,NA,NA
2017,10,"2017-10-21","bycaught","f",0,101,0,0,0
NA,NA,NA,"hunted","f",2,115,0,0,0
2015,6,"2015-06-20","hunted","f",13,119,NA,NA,1
2015,12,"2015-12-13","hunted","m",19,134,NA,NA,NA
2015,12,"2015-12-13","hunted","m",5,139,NA,NA,NA
NA,NA,NA,"hunted","f",6,126,1,NA,NA
2015,12,"2015-12-28","hunted","m",4,123,NA,NA,NA
NA,NA,NA,"hunted","m",15,139,NA,NA,NA
2015,12,"2015-12-06","hunted","m",20,127,NA,NA,NA
2017,10,"2017-10-06","hunted","f",17,136,0,NA,NA
2016,8,"2016-08-21","bycaught","f",0,88,NA,0,0
2015,11,NA,"hunted","f",10,139,1,NA,NA
2015,11,NA,"hunted","m",NA,41,NA,NA,NA
2015,12,"2015-12-12","hunted","m",4,117,NA,NA,NA
2015,NA,NA,"hunted","f",11,136,0,1,1
2017,6,"2017-06-03","bycaught","m",0,85,NA,NA,NA
2015,12,"2015-12-27","hunted","m",3,125,NA,NA,NA
2015,12,"2015-12-27","hunted","m",15,141,NA,NA,NA
2015,12,"2015-12-06","hunted","m",1,97,NA,NA,NA
2017,12,"2017-12-18","hunted","m",0,101,NA,NA,NA
NA,NA,NA,"hunted","m",23,129,NA,NA,NA
2017,10,"2017-10-01","hunted","m",26,138,NA,NA,NA
2017,10,"2017-10-01","hunted","m",6,128,NA,NA,NA
2015,NA,NA,"hunted","m",32,148,NA,NA,NA
2016,10,"2016-10-12","hunted","m",17,122,NA,NA,NA
2015,12,"2015-12-27","hunted","m",6,111.5,NA,NA,NA
2015,12,"2015-12-27","hunted","m",2,108,NA,NA,NA
2016,10,"2016-10-12","hunted","f",3,117,0,0,0
2013,11,"2013-11-01","hunted","f",3,121,1,0,0
NA,NA,NA,"hunted","f",18,130,1,1,NA
2015,6,"2015-06-08","hunted","m",1,95,NA,NA,NA
NA,NA,NA,"hunted","m",16,136,NA,NA,NA
2017,8,"2017-08-29","hunted","m",NA,139,NA,NA,NA
2017,8,"2017-08-01","hunted","f",9,128,1,1,NA
2017,10,"2017-10-29","hunted","f",11,152,1,NA,NA
2017,10,"2017-10-29","hunted","f",NA,36,NA,NA,NA
2017,10,"2017-10-01","hunted","m",5,129,NA,NA,NA
2017,10,"2017-10-05","hunted","f",17,134,1,NA,NA
2017,5,"2017-05-21","hunted","f",2,NA,0,0,0
2017,10,"2017-10-06","hunted","f",12,131,1,NA,1
2017,8,"2017-08-21","hunted","f",NA,133.5,1,NA,NA
2017,10,"2017-10-06","hunted","m",23,137,NA,NA,NA
2017,8,"2017-08-21","hunted","m",8,138.5,NA,NA,NA
2018,3,"2018-03-15",NA,"m",23,140,NA,NA,NA
2016,8,"2016-08-01","hunted","f",NA,140,1,NA,NA
2016,8,"2016-08-01","hunted","m",16,131.5,NA,NA,NA
2015,12,"2015-12-28","hunted","m",2,110.5,NA,NA,NA
2015,12,"2015-12-28","hunted","m",3,107,NA,NA,NA
2018,6,"2018-06-13","hunted","m",5,130,NA,NA,NA
2018,6,"2018-06-14","hunted","m",1,105,NA,NA,NA
2018,6,"2018-06-14","hunted","f",32,NA,NA,NA,1
2018,6,"2018-06-12","hunted","f",3,120,NA,NA,0
2019,6,"2019-06-05","hunted","m",9,134,NA,NA,NA
2016,5,"2016-05-09","hunted","f",12,140,NA,NA,NA
2017,5,"2016-05-09","hunted","m",1,102,NA,NA,NA
2017,10,"2017-10-08","hunted","f",18,138,1,1,NA
2017,9,"2017-09-25","hunted","m",10,126.5,NA,NA,NA
2017,9,"2017-09-24","hunted","m",5,149,NA,NA,NA
2017,10,"2017-10-19","hunted","f",14,138,1,1,NA
2016,10,"2016-10-10","bycaught","m",0,95,NA,NA,NA
2017,11,"2017-11-05","hunted","f",7,124,1,1,NA
2017,10,"2017-10-22","hunted","f",11,136.5,0,NA,NA
2016,8,"2016-08-30","hunted","m",10,131,NA,NA,NA
2016,8,"2016-08-28","bycaught","f",0,95,NA,0,0
2016,8,"2016-08-29","hunted","m",7,130,NA,NA,NA
2017,11,"2017-11-05","hunted","f",0,92,0,0,0
2016,8,"2016-08-29","hunted","f",NA,128.5,0,NA,NA
2016,8,"2016-08-14","hunted","f",8,134,1,0,NA
2016,8,"2016-08-01","bycaught","f",0,80,0,0,0
2016,8,"2016-08-01","hunted","f",0,87,0,0,0
2015,5,"2015-05-18","hunted","f",0,68,NA,0,0
2015,5,"2015-05-25","hunted","f",3,113.5,0,0,0
2015,6,"2015-06-09","hunted","m",5,123,NA,NA,NA
2018,5,"2018-05-18","hunted","f",3,110,NA,0,0
2018,5,"2018-05-23","hunted",NA,1,100,NA,NA,NA
2018,5,"2018-05-19","hunted","m",5,136,NA,NA,NA
2018,5,"2018-05-22","hunted","f",0,100,NA,0,0
2018,5,"2018-05-19","hunted","m",20,127,NA,NA,NA
2018,5,"2018-05-23","hunted","f",0,100,NA,0,0
2018,5,"2018-05-23","hunted","f",2,100,NA,0,0
2018,5,"2018-05-23","hunted","f",1,101,NA,0,0
2018,5,"2018-05-19","hunted",NA,11,120,NA,NA,NA
2018,5,"2018-05-23","hunted","f",26,133,NA,1,NA
2018,NA,NA,"hunted","f",3,115,NA,NA,NA
2018,5,"2018-05-18","hunted","f",7,140,NA,NA,NA
2018,NA,NA,"hunted","f",8,114,NA,1,NA
2015,5,"2015-05-25","hunted","f",2,74,NA,0,0
2015,5,"2015-05-25","hunted","f",4,109,NA,1,NA
2017,5,"2017-05-03","hunted",NA,17,135,NA,NA,NA
2017,5,"2017-05-03","hunted","m",13,150,NA,NA,NA
2017,5,"2017-05-03","hunted","m",10,145,NA,NA,NA
2017,5,"2017-05-03","hunted","f",10,130,NA,NA,NA
2018,10,"2018-10-18","hunted","m",22,144,NA,NA,NA
2018,NA,NA,"bycaught","m",0,74.1,NA,NA,NA
2015,6,"2015-06-08","hunted","m",1,100,NA,NA,NA
2019,6,"2019-06-06","hunted","m",22,143.5,NA,NA,NA
2019,6,"2019-06-04","hunted","m",NA,145.5,NA,NA,NA
2019,6,"2019-06-06","hunted","f",9,130,NA,0,0
2019,6,"2019-06-05","hunted","f",2,111,0,0,0
2019,6,NA,"hunted","f",3,109.5,0,0,0
2019,6,"2019-06-07","hunted","f",0,101.5,0,0,0
2019,6,NA,"hunted","f",8,122,NA,1,1
2018,10,"2018-10-20","hunted","m",15,151,NA,NA,NA
2018,10,"2018-10-20","hunted","f",10,134,1,NA,NA
2018,10,"2018-10-20","hunted","m",14,138.5,NA,NA,NA
2018,10,"2018-10-20","hunted","f",NA,34,NA,NA,NA
2018,10,"2018-10-20","hunted","m",7,139.5,NA,NA,NA
2018,10,"2018-10-20","hunted","f",7,142,1,1,NA
2018,11,"2018-11-14","hunted","m",17,150,NA,NA,NA
2018,10,"2018-10-04","hunted","f",5,123,1,1,NA
2018,10,"2018-10-04","hunted","m",9,133,NA,NA,NA
2018,10,"2018-10-04","hunted","f",7,135.5,1,0,NA
2019,9,"2019-09-08","hunted","f",9,134.5,0,1,NA
2019,9,"2019-09-09","hunted","m",12,118,NA,NA,NA
2018,11,"2018-11-04","hunted","m",13,132.5,NA,NA,NA
2019,9,"2019-09-07","hunted","m",13,130,NA,NA,NA
2018,11,"2018-11-03","hunted","f",5,115,1,0,NA
2018,10,"2018-10-24","hunted","m",5,124,NA,NA,NA
2018,10,"2018-10-09","hunted","f",4,114,1,0,0
2019,8,"2019-08-26","hunted","m",7,129.5,NA,NA,NA
2018,10,"2018-10-09","hunted","m",5,112.5,NA,NA,NA
2019,5,"2019-05-26","hunted","m",26,135,NA,NA,NA
2019,6,"2019-06-12","hunted","f",7,130,NA,0,0
2019,5,"2019-05-28","hunted","m",26,150,NA,NA,NA
2019,6,"2019-06-02","hunted","f",12,130,NA,1,0
2019,6,"2019-06-12","hunted","m",16,135,NA,NA,NA
2019,6,"2019-06-12","hunted","f",2,100,NA,0,0
2019,6,"2019-06-02","hunted","f",8,120,NA,NA,0
2019,6,"2019-06-12","hunted","f",14,140,NA,1,1
2019,6,"2019-05-26","hunted","m",9,125,NA,NA,NA
2019,5,"2019-05-17","hunted","m",0,115,NA,NA,NA
2019,5,"2019-05-14","hunted","f",3,120,NA,NA,NA
2018,11,"2018-11-14","hunted","f",7,122,0,0,1
2019,8,"2019-08-29","hunted","m",20,127.5,NA,NA,NA
2018,11,"2018-11-14","hunted","m",2,128,NA,NA,NA
2015,5,"2015-05-07","bycaught","f",0,78,NA,0,0
2019,6,"2019-06-02","hunted","m",2,130,NA,NA,NA
2019,6,"2019-06-02","hunted","f",NA,125,NA,1,0
2019,6,"2019-06-02","hunted","f",NA,105,NA,NA,NA
2019,6,"2019-05-16","hunted","m",27,145,NA,NA,NA
2020,10,"2020-10-12","hunted","m",9,134,NA,NA,NA
2020,9,"2020-09-01","hunted","f",23,123,0,1,0
2020,9,"2020-09-01","hunted","f",NA,140,1,0,0
2020,9,"2020-09-01","hunted","f",10,140,1,0,0
2020,9,"2020-09-01","hunted","f",17,132,1,0,0
2020,9,"2020-09-01","hunted","m",17,153,NA,NA,NA
2020,9,"2020-09-01","hunted","f",15,136,1,1,0
2020,10,"2020-10-02","hunted","m",17,146,NA,NA,NA
2020,10,"2020-10-16","hunted","m",7,143,NA,NA,NA
2020,9,"2020-09-01","hunted","f",16,136,0,0,0
2020,10,"2020-10-02","hunted","m",17,136,NA,NA,NA
2020,10,"2020-10-02","hunted","m",18,138,NA,NA,NA
2020,10,"2020-10-16","hunted","m",8,145,NA,NA,NA
2020,9,"2020-09-07","hunted","f",13,139,1,1,0
2020,9,"2020-09-15","hunted","m",18,153,NA,NA,NA
2020,12,"2020-12-12","stranded","f",20,133.5,0,1,NA
2020,10,"2020-10-12","hunted","m",6,132,NA,NA,NA
2020,10,"2020-10-16","hunted","f",9,149,1,0,0
2020,10,"2020-10-16","hunted","m",14,148,NA,NA,NA
2020,9,"2020-09-02","hunted","m",NA,146,NA,NA,NA
2020,10,"2020-10-01","hunted","m",11,140,NA,NA,NA
2020,9,"2020-09-15","hunted","f",10,151,1,1,0
2020,9,"2020-09-24","hunted","f",3,116,NA,0,0
2020,9,"2020-09-01","hunted","f",8,126,1,0,0
2020,9,"2020-09-14","hunted","f",13,133,1,0,0
2020,10,"2020-10-14","hunted","f",14,112,0,0,0
2020,10,"2020-10-16","hunted","m",11,144,NA,NA,NA
2020,10,"2020-10-12","hunted","f",NA,132,0,0,0
2020,10,"2020-10-16","hunted","m",13,151,NA,NA,NA
2020,10,"2020-10-16","hunted","m",20,150,NA,NA,NA
2020,10,"2020-10-03","hunted","f",10,127,1,0,0
2020,10,"2020-10-16","hunted","f",7,130,1,0,0
2020,9,"2020-09-02","hunted","f",NA,136,1,0,0
2020,9,"2020-09-01","hunted","m",10,135,NA,NA,NA
2020,10,"2020-10-16","hunted","m",1,117,NA,NA,NA
2020,9,"2020-09-14","hunted","f",21,130,0,0,0
2020,9,"2020-09-30","hunted","f",13,130,0,0,0
2020,5,"2020-05-15","hunted","f",11,115,NA,1,NA
2020,5,"2020-05-15","hunted","f",5,110,NA,0,0
2020,5,"2020-05-15","hunted","f",9,110,NA,0,1
2020,10,"2020-10-16","hunted","m",14,145,NA,NA,NA
2020,9,"2020-09-07","hunted","f",10,129,1,0,0
2020,10,"2020-10-12","hunted","m",9,125,NA,NA,NA
2020,9,"2020-09-01","hunted","f",8,133,1,1,0
2020,10,"2020-10-16","hunted","f",NA,135,1,1,NA
2020,9,"2020-09-24","hunted","m",11,138,NA,NA,NA
2019,9,"2019-09-05","hunted","m",27,138.5,NA,NA,NA
2019,9,"2019-09-14","hunted","m",16,133.5,NA,NA,NA
2019,10,"2019-10-04","hunted","f",6,134.5,1,1,0
2020,5,"2020-05-15","hunted","f",0,110,NA,0,0
2020,5,"2020-05-15","hunted","f",0,113,NA,0,0
2020,5,"2020-05-14","hunted","f",1,105,NA,0,0
2020,5,"2020-05-14","hunted","f",7,110,NA,1,0
2020,5,"2020-05-12","hunted","f",1,104,NA,0,0
2020,5,"2020-05-25","hunted","f",7,125,NA,1,0
2020,5,"2020-05-12","hunted","f",3,115,NA,0,0
2020,5,"2020-05-17","hunted","f",0,100,NA,0,0
2020,5,"2020-05-26","hunted","f",10,125,NA,0,0
2020,5,"2020-05-17","hunted","f",15,140,NA,0,0
2020,NA,NA,"bycaught","m",0,NA,NA,NA,NA
2020,5,"2020-05-31","hunted","f",5,115,NA,0,0
2020,5,"2020-05-18","hunted","f",4,120,NA,1,0
2020,5,"2020-05-18","hunted","f",17,140,NA,0,0
2020,5,"2020-05-17","hunted","f",6,122,NA,1,0
2020,5,"2020-05-17","hunted","f",0,105,NA,0,0
2020,5,"2020-05-20","hunted","f",10,135,NA,0,0
2020,5,"2020-05-17","hunted","f",1,107,NA,0,0
2019,9,"2019-09-14","hunted","f",5,112,1,1,1
2020,NA,NA,"bycaught","f",0,80,NA,0,0
2020,NA,NA,"bycaught","m",0,85,NA,NA,NA
2019,9,"2019-09-27","hunted","m",10,138,NA,NA,NA
2019,9,"2019-09-27","hunted","m",11,122.5,NA,NA,NA
2019,9,"2019-09-04","hunted","m",12,134,NA,NA,NA
2019,9,"2019-09-04","hunted","m",0,92,NA,NA,NA
2019,9,"2019-09-04","hunted","f",0,91,0,0,0
2019,10,"2019-10-06","hunted","f",0,90,NA,0,0
2019,10,"2019-10-10","hunted","f",NA,127.5,1,0,1
2019,10,"2019-10-08","hunted","f",10,123,1,1,0
2019,10,"2019-10-10","hunted","m",2,113,NA,NA,NA
2019,9,"2019-09-27","hunted","m",5,122,NA,NA,NA
2020,5,"2020-05-25","hunted","f",9,120,0,1,1
2019,6,"2019-06-07","hunted","m",NA,129,NA,NA,NA
2019,8,"2019-08-28","hunted","m",13,132,NA,NA,NA
2019,8,"2019-08-28","hunted","f",15,133.5,1,1,1
2019,8,"2019-08-28","hunted","f",7,127,1,1,0
2019,9,"2019-09-29","hunted","m",5,127,NA,NA,NA
2019,8,"2019-08-30","hunted","f",5,123,1,0,0
2019,9,"2019-09-27","hunted","f",1,92,0,0,0
2019,9,"2019-09-03","hunted","f",9,128,1,0,0
2019,8,"2019-08-31","hunted","f",9,123,1,1,1
2019,9,"2019-09-07","hunted","f",6,133,1,0,0
2019,9,"2019-09-18","hunted","m",20,125,NA,NA,NA
2019,9,"2019-09-15","hunted","m",12,136,NA,NA,NA
2019,9,"2019-09-14","hunted","m",21,133,NA,NA,NA
2019,10,"2019-10-10","hunted","m",0,83,NA,NA,NA
2019,9,"2019-09-18","hunted","m",13,122,NA,NA,NA
2021,6,"2021-06-13","bycaught","m",0,78,NA,NA,NA
2021,10,"2021-10-13","hunted","m",NA,138,NA,NA,NA
2021,9,"2021-09-04","hunted","m",2,115,NA,NA,NA
2021,9,"2021-09-04","hunted","f",1,107,0,NA,NA
2021,9,"2021-09-04","hunted","m",5,125,NA,NA,NA
2021,9,"2021-09-18","hunted","f",7,127,1,0,0
2021,9,"2021-09-01","hunted","f",11,140,1,0,0
2021,9,"2021-09-01","hunted","m",22,147,NA,NA,NA
2021,9,"2021-09-05","hunted","f",6,137,1,0,0
2019,10,"2019-10-10","hunted","m",13,133.5,NA,NA,NA
2019,9,"2019-09-18","hunted","m",9,122.5,NA,NA,NA
2021,10,"2021-10-09","hunted","m",10,139,NA,NA,NA
2021,9,"2021-09-16","hunted","m",19,143,NA,NA,NA
2021,9,"2021-09-18","hunted","m",8,139,NA,NA,NA
2021,9,"2021-09-16","hunted","m",14,139,NA,NA,NA
2021,9,"2021-09-18","hunted","m",23,157,NA,NA,NA
2021,10,"2021-10-10","hunted","f",9,134,1,0,0
2021,9,"2021-09-16","hunted","m",9,131,NA,NA,NA
2021,10,"2021-10-13","hunted","m",10,150,NA,NA,NA
2021,10,"2021-10-13","hunted","f",NA,145,1,0,0
2021,10,"2021-10-13","hunted","m",14,150,NA,NA,NA
2021,9,"2021-09-01","hunted","f",21,140,1,0,0
2019,9,"2019-09-23","hunted","f",0,91,0,0,0
2021,9,"2021-09-01","hunted","f",16,135,1,0,0
2021,10,"2021-10-13","hunted","f",12,138,1,0,0
2021,9,"2021-09-05","hunted","f",8,133,1,0,0
2021,9,"2021-09-01","hunted","m",NA,145,NA,NA,NA
2021,9,"2021-09-11","hunted","f",NA,140,1,0,0
2021,10,"2021-10-13","hunted","m",15,140,NA,NA,NA
2021,9,"2021-09-01","hunted","m",25,145,NA,NA,NA
2021,5,"2021-05-10","hunted","f",8,115,0,1,0
2021,10,"2021-10-10","hunted","m",22,148,NA,NA,NA
2021,10,"2021-10-13","hunted","f",4,125,1,0,0
2021,9,"2021-09-09","hunted","f",25,146,1,0,0
2021,10,"2021-10-09","hunted","m",10,137,NA,NA,NA
2021,9,"2021-09-01","hunted","m",14,152,NA,NA,NA
2021,10,"2021-10-09","hunted","f",9,127,1,0,0
2019,9,"2019-09-07","hunted","m",3,130,NA,NA,NA
2019,9,"2019-09-07","hunted","m",16,136,NA,NA,NA
2019,9,"2019-09-07","hunted","m",16,113.5,NA,NA,NA
2021,10,"2021-10-19","hunted","f",12,141,1,0,0
2019,5,"2019-05-17","hunted","f",1,100,0,0,0
2019,5,"2019-05-17","hunted","f",2,102,0,0,0
2019,5,"2019-05-18","hunted","m",2,106,NA,NA,NA
2021,5,"2021-05-16","hunted","f",10,107,0,1,1
2021,5,"2021-05-16","hunted","f",3,100,0,0,0
2021,5,"2021-05-16","hunted","f",8,119,0,1,1
2021,5,"2021-05-16","hunted","f",5,120,0,1,0
2021,5,"2021-05-10","hunted","f",1,106,0,0,0
2021,5,"2021-05-16","hunted","f",10,128,0,1,1
2021,5,"2021-05-13","hunted","f",9,120,0,1,1
2021,5,"2021-05-15","hunted","f",13,115,0,1,0
2021,5,"2021-05-16","hunted","f",7,125,0,1,1
2021,5,"2021-05-16","hunted","f",6,120,0,1,1
2021,5,"2021-05-10","hunted","f",0,106,0,0,0
2021,5,"2021-05-16","hunted","f",16,120,0,0,0
2019,10,"2019-10-10","hunted","m",28,135,NA,NA,NA
2019,10,"2019-10-10","hunted","m",1,122,NA,NA,NA
2021,5,"2021-05-07","hunted","f",11,135,0,1,1
2021,5,"2021-05-07","hunted","f",9,135,0,1,1
2021,5,"2021-05-05","hunted","f",7,130,0,NA,NA
2021,5,"2021-05-06","hunted","f",1,115,0,0,0
2021,5,"2021-05-16","hunted","f",5,122,0,NA,1
2021,5,"2021-05-16","hunted","f",8,119,0,1,0
2019,10,"2019-10-10","hunted","f",NA,134,1,1,0
2021,10,"2021-10-19","hunted","f",7,134,1,0,0
2021,10,"2021-10-19","hunted","f",NA,31,NA,NA,NA
2021,10,"2021-10-19","hunted","f",14,142,1,0,0
2021,10,"2021-10-13","hunted","m",NA,130,NA,NA,NA
2021,10,"2021-10-13","hunted","m",9,134,NA,NA,NA
2021,10,"2021-10-13","hunted","f",8,130,1,0,0
2021,10,"2021-10-13","hunted","f",0,95,0,NA,NA
2021,9,"2021-09-05","hunted","f",9,130,0,0,0
2021,5,"2021-05-10","hunted","f",4,122,NA,0,0
2021,5,"2021-05-16","hunted","f",15,136,NA,1,1
2021,5,"2021-05-16","hunted","f",NA,121,NA,1,1
2021,5,"2021-05-16","hunted","f",7,119,NA,1,1
2021,5,"2021-05-16","hunted","f",11,124,NA,1,1
2021,5,"2021-05-10","hunted","f",0,100,0,0,0
2021,5,"2021-05-16","hunted","f",2,114,NA,0,0
2021,5,"2021-05-16","hunted","f",NA,122,NA,1,1
2021,10,"2021-10-19","hunted","m",NA,31,NA,NA,NA
2021,9,"2021-09-05","hunted","m",15,128,NA,NA,NA
2021,5,"2021-05-16","hunted","f",6,133,NA,NA,NA
2021,5,"2021-05-16","hunted","f",2,108,0,0,0
2021,5,"2021-05-16","hunted","f",0,104,0,0,0
2021,5,"2021-05-16","hunted","f",9,129,0,1,1
2019,5,"2019-05-17","hunted","f",4,125,0,0,0
2019,5,"2019-05-17","hunted","f",9,135,0,0,0
2019,5,"2019-05-23","hunted","m",0,125,NA,NA,NA
2019,5,"2019-05-23","hunted","f",2,120,0,0,0
2019,5,"2019-05-26","hunted","m",NA,110,NA,NA,NA
2019,5,"2019-05-16","hunted","f",1,125,0,0,0
2020,5,"2020-05-07","hunted","f",1,103,0,0,0
2020,5,"2020-05-01","hunted","f",0,100,0,0,0
2020,5,"2020-05-01","hunted","f",0,110,0,0,0
2020,5,"2020-05-09","hunted","f",0,100,0,0,0
2020,5,"2020-05-08","hunted","f",31,125,0,1,0
2020,5,"2020-05-08","hunted","f",0,103,0,0,0
2022,5,"2022-05-29","hunted","f",2,101,0,0,0
2020,5,"2020-05-08","hunted","m",5,125,NA,NA,NA
2022,5,"2022-05-29","hunted","f",6,134,0,1,0
2021,5,"2021-05-14","hunted","f",3,119,0,0,0
2019,5,"2019-05-15","hunted","m",18,135,NA,NA,NA
2019,5,"2019-05-17","hunted","m",0,105,NA,NA,NA
2019,5,"2019-05-15","hunted","f",6,135,0,0,NA
2019,5,"2019-05-18","hunted","m",0,106,NA,NA,NA
2019,5,"2019-05-05","hunted","f",NA,127,NA,1,1
2022,6,"2022-06-13","hunted","f",NA,154,0,1,1
2022,6,"2022-06-13","hunted","f",NA,110,0,1,1
2022,5,"2022-05-04","hunted","f",NA,123,0,0,0
2022,5,"2022-05-30","hunted","f",NA,135,0,0,0
2022,5,"2022-05-04","hunted","f",NA,130,0,1,1
2022,5,"2022-05-04","hunted","f",NA,138,0,1,1
2022,5,"2022-05-04","hunted","f",NA,130,0,0,0
2022,5,"2022-05-01","hunted","f",NA,135,0,1,1
2022,5,"2022-05-26","hunted","f",NA,NA,0,1,0
2022,5,"2022-05-01","hunted","f",14,133,0,1,1
2022,5,"2022-05-01","hunted","f",NA,101,0,0,NA
2022,5,"2022-05-01","hunted","f",NA,103,NA,NA,NA
2022,5,"2022-05-01","hunted","f",NA,122,0,1,1
2022,5,"2022-05-01","hunted","f",NA,140,0,1,1
2022,5,"2022-05-01","hunted","f",NA,113,0,0,NA
2022,5,"2022-05-01","hunted","f",NA,109,0,0,NA
2022,9,"2022-09-04","hunted","f",0,90,NA,NA,NA
2022,9,"2022-09-01","hunted","m",0,85,NA,NA,NA
2022,9,"2022-09-01","hunted","m",0,90,NA,NA,NA
2022,9,"2022-09-04","hunted","f",0,95,NA,NA,NA
2004,6,"2004-06-16","hunted","m",5,112,NA,NA,NA
2004,NA,NA,"bycaught","f",NA,62,NA,NA,NA
2007,11,"2007-11-01","hunted","f",2,117,0,0,0
2007,11,"2007-11-01","hunted","f",0,94.5,0,0,0
2008,6,"2008-06-16","bycaught","f",0,87,0,0,0
2008,7,"2008-07-08","bycaught","m",0,84.5,NA,NA,NA
2008,5,"2008-05-21","hunted","f",12,126.5,0,1,1
2008,10,"2008-10-01","bycaught","f",27,150,1,1,1
2008,6,"2008-06-21","bycaught","f",0,74.5,NA,0,0
2008,6,"2008-06-05","hunted","f",1,101.5,0,0,0
2008,5,"2005-05-20","hunted","f",4,124,0,1,1
2008,5,"2008-05-30","hunted","f",4,114,0,0,0
2008,11,"2008-11-12","hunted","f",0,120,0,0,0
2008,5,"2008-05-30","hunted","m",1,111.5,NA,NA,NA
2008,6,"2008-06-03","hunted","f",3,111,0,0,0
2008,10,"2008-10-29","hunted","m",5,125,NA,NA,NA
2008,6,"2008-06-16","hunted","f",0,94.5,0,0,0
2008,5,"2008-05-30","hunted","m",1,105.5,NA,NA,NA
2008,10,"2008-10-01","hunted","m",7,109,NA,NA,NA
2008,NA,NA,"bycaught","f",26,NA,0,0,NA
2009,NA,NA,"hunted","m",7,136.5,NA,NA,NA
2009,NA,NA,"hunted","m",4,125,NA,NA,NA
2009,10,"2009-10-01","hunted","f",2,117.5,0,0,0
2009,10,"2009-10-30","bycaught","f",10,144,1,1,NA
2009,10,"2009-10-28","bycaught","f",0,85,NA,NA,NA
2009,10,"2009-10-01","hunted","m",25,124.5,NA,NA,NA
