"year","month","day","source","sex","age","body_length","CA","placental_scar"
1985,7,17,6,"f",19,NA,NA,NA
1985,9,11,4,"m",0,NA,NA,NA
1986,5,18,6,"f",0,NA,NA,NA
1986,6,17,4,"f",0,NA,NA,NA
1988,1,6,4,"m",1,NA,NA,NA
1988,10,11,6,"f",20,NA,NA,NA
1990,11,17,4,"m",0,NA,NA,NA
1990,8,5,4,"m",0,NA,NA,NA
1990,NA,NA,4,"f",0,NA,NA,NA
1991,NA,NA,4,"f",0,NA,NA,NA
1991,7,24,4,"f",5,NA,NA,NA
1991,NA,NA,4,"m",0,NA,NA,NA
1990,NA,NA,4,"m",0,NA,NA,NA
1990,10,22,4,"m",0,NA,NA,NA
1991,NA,NA,NA,"m",33,NA,NA,NA
1991,6,10,4,"m",0,NA,NA,NA
1991,12,7,4,"m",0,NA,NA,NA
1992,4,25,4,"f",0,NA,NA,NA
1992,4,30,6,"f",0,NA,NA,NA
1992,5,12,4,"m",0,NA,NA,NA
1992,5,20,4,"m",0,NA,NA,NA
1992,6,20,6,"m",6,NA,NA,NA
1993,5,21,4,"m",0,NA,NA,NA
1993,6,20,6,"f",0,NA,NA,NA
1994,10,22,4,"f",0,NA,NA,NA
1994,NA,NA,4,NA,0,NA,NA,NA
1996,11,3,4,"m",28,NA,NA,NA
1997,12,9,6,"f",0,NA,NA,NA
1998,10,16,6,"f",30,NA,NA,NA
1981,NA,NA,1,NA,NA,NA,NA,NA
1981,NA,NA,1,"f",NA,NA,NA,NA
1981,NA,NA,1,"m",19,NA,NA,NA
1982,NA,NA,1,"m",12,NA,NA,NA
1982,NA,NA,1,"f",12,NA,NA,NA
1982,NA,NA,1,"f",9,NA,NA,NA
1982,NA,NA,1,"m",18,NA,NA,NA
1982,NA,NA,1,NA,NA,NA,NA,NA
1982,NA,NA,1,"m",5,NA,NA,NA
1982,NA,NA,1,"m",24,NA,NA,NA
1983,NA,NA,1,"m",2,NA,NA,NA
1983,NA,NA,1,"m",7,NA,NA,NA
1983,NA,NA,1,"m",0,NA,NA,NA
1983,NA,NA,1,"f",3,NA,NA,NA
1983,NA,NA,1,"m",11,NA,NA,NA
1983,NA,NA,1,"f",13,NA,NA,NA
1983,NA,NA,1,"m",2,NA,NA,NA
1983,NA,NA,1,"m",20,NA,NA,NA
1986,4,29,1,"m",25,NA,NA,NA
1986,4,29,1,"m",23,NA,NA,NA
1986,4,29,1,"f",25,NA,NA,NA
1986,4,30,1,"f",29,NA,NA,NA
1986,4,30,1,"m",25,NA,NA,NA
1986,5,1,1,"m",8,NA,NA,NA
1986,5,1,1,"m",3,NA,NA,NA
1986,5,1,1,"f",17,NA,NA,NA
1986,5,15,1,"m",2,NA,NA,NA
1986,5,25,1,"f",8,NA,NA,NA
1986,5,31,1,"m",7,NA,NA,NA
1986,5,25,1,"m",NA,NA,NA,NA
1986,5,25,1,"m",NA,NA,NA,NA
1986,5,29,1,"m",12,NA,NA,NA
1986,5,10,1,"m",6,NA,NA,NA
1986,6,6,1,"m",22,NA,NA,NA
1986,6,NA,1,"f",10,NA,NA,NA
1986,6,2,1,"f",14,NA,NA,NA
1986,6,5,1,"f",3,NA,NA,NA
1986,6,1,1,"m",11,NA,NA,NA
1986,6,1,1,"m",15,NA,NA,NA
1986,6,5,1,"m",26,NA,NA,NA
1986,6,NA,1,"m",6,NA,NA,NA
1986,6,NA,1,"f",6,NA,NA,NA
1986,NA,NA,1,"f",20,NA,NA,NA
1987,5,NA,1,"m",NA,NA,NA,NA
1987,5,NA,1,"f",NA,NA,NA,NA
1987,5,NA,1,"m",NA,NA,NA,NA
1987,5,NA,1,"m",NA,NA,NA,NA
1987,5,NA,1,"f",NA,NA,NA,NA
1987,5,NA,1,"f",NA,NA,NA,NA
1987,5,NA,1,"m",NA,NA,NA,NA
1987,5,NA,1,"m",NA,NA,NA,NA
1987,5,NA,1,"f",NA,NA,NA,NA
1987,5,NA,1,"m",NA,NA,NA,NA
1987,NA,NA,1,"m",6,NA,NA,NA
1987,NA,NA,1,"f",NA,NA,NA,NA
1987,NA,NA,1,"f",NA,NA,NA,NA
1987,NA,NA,1,"m",NA,NA,NA,NA
1987,NA,NA,1,"f",NA,NA,NA,NA
1987,NA,NA,1,"f",NA,NA,NA,NA
1987,NA,NA,1,"f",NA,NA,NA,NA
1987,NA,NA,1,"m",NA,NA,NA,NA
1987,NA,NA,1,"m",NA,NA,NA,NA
1987,NA,NA,1,"f",NA,NA,NA,NA
1987,NA,NA,1,NA,NA,NA,NA,NA
1987,NA,NA,1,"f",10,NA,NA,NA
1987,NA,NA,1,"f",5,NA,NA,NA
1987,NA,NA,1,NA,NA,NA,NA,NA
1987,NA,NA,1,"f",6,NA,NA,NA
1987,NA,NA,1,"f",5,NA,NA,NA
1987,NA,NA,1,"f",5,NA,NA,NA
1987,NA,NA,1,"f",NA,NA,NA,NA
1987,NA,NA,1,"f",16,NA,NA,NA
1987,NA,NA,1,"m",14,NA,NA,NA
1987,NA,NA,1,"f",NA,NA,NA,NA
1987,NA,NA,1,"m",NA,NA,NA,NA
1987,NA,NA,1,"f",NA,NA,NA,NA
1987,NA,NA,1,"f",23,NA,NA,NA
1987,NA,NA,1,"m",3,NA,NA,NA
1987,NA,NA,1,"m",NA,NA,NA,NA
1987,NA,NA,1,"f",18,NA,NA,NA
1987,NA,NA,1,"f",NA,NA,NA,NA
1987,NA,NA,1,"m",NA,NA,NA,NA
1987,NA,NA,1,"m",10,NA,NA,NA
1987,NA,NA,1,"f",NA,NA,NA,NA
1987,NA,NA,1,"f",NA,NA,NA,NA
1987,NA,NA,1,"m",14,NA,NA,NA
1987,NA,NA,1,"m",NA,NA,NA,NA
1987,NA,NA,1,"m",13,NA,NA,NA
1987,NA,NA,1,"m",10,NA,NA,NA
1987,NA,NA,1,"m",12,NA,NA,NA
1987,NA,NA,1,"m",5,NA,NA,NA
1987,NA,NA,1,"m",3,NA,NA,NA
1987,NA,NA,1,"f",22,NA,NA,NA
1987,NA,NA,1,NA,NA,NA,NA,NA
1987,NA,NA,1,"f",NA,NA,NA,NA
1987,NA,NA,1,"f",NA,NA,NA,NA
1987,NA,NA,1,NA,NA,NA,NA,NA
1987,NA,NA,1,NA,NA,NA,NA,NA
1987,NA,NA,1,NA,NA,NA,NA,NA
1987,NA,NA,1,"f",NA,NA,NA,NA
1987,NA,NA,1,"f",18,NA,NA,NA
1987,NA,NA,1,NA,NA,NA,NA,NA
1987,NA,NA,1,NA,NA,NA,NA,NA
1988,5,NA,1,"f",4,135,NA,NA
1988,5,NA,1,"m",10,138.5,NA,NA
1988,5,NA,1,"f",4,143,NA,NA
1988,5,NA,1,"m",6,132,NA,NA
1988,5,NA,1,"f",4,123,NA,NA
1988,5,NA,1,"f",13,133,NA,NA
1988,5,NA,1,"f",3,110,NA,NA
1988,5,NA,1,"f",2,112.5,NA,NA
1988,NA,NA,1,"m",19,131,NA,NA
1988,NA,NA,1,"m",8,134,NA,NA
1988,NA,NA,1,"m",25,135,NA,NA
1988,NA,NA,1,"m",12,148,NA,NA
1988,NA,NA,1,"f",26,NA,NA,NA
1988,NA,NA,1,"f",8,NA,NA,NA
1988,NA,NA,1,"f",0,NA,NA,NA
1988,NA,NA,1,"f",NA,NA,NA,NA
1988,NA,NA,1,"f",25,NA,NA,NA
1988,NA,NA,1,"f",NA,NA,NA,NA
1988,NA,NA,1,"f",NA,NA,NA,NA
1988,NA,NA,1,"f",20,NA,NA,NA
1989,NA,NA,1,"f",22,NA,NA,NA
1989,NA,NA,1,"m",2,NA,NA,NA
1989,NA,NA,1,"f",2,NA,NA,NA
1989,NA,NA,1,"m",3,NA,NA,NA
1989,NA,NA,1,"f",25,NA,NA,NA
1989,NA,NA,1,"f",26,NA,NA,NA
1990,4,21,1,"f",15,142,0,NA
1990,4,21,1,"f",17,125,0,NA
1990,4,22,1,"m",10,143,NA,NA
1990,4,28,1,"f",3,120,0,NA
1990,4,28,1,"f",15,134,0,NA
1990,4,28,1,"f",11,130,0,NA
1990,4,28,1,"f",9,140,1,NA
1991,4,NA,1,"m",4,127,NA,NA
1991,4,NA,1,"f",14,143,0,NA
1991,4,NA,1,"m",28,131,NA,NA
1991,4,NA,1,"m",29,143,NA,NA
1991,4,NA,1,"m",20,151,NA,NA
1991,4,NA,1,"f",22,143,0,NA
1991,4,NA,1,"m",15,133,NA,NA
1991,4,NA,1,"f",22,129,0,NA
1991,4,NA,1,"f",22,146,0,NA
1991,4,NA,1,"m",5,136,NA,NA
1992,4,22,1,"f",3,113,0,NA
1992,4,22,1,"m",3,131,NA,NA
1992,4,22,1,"m",3,127,NA,NA
1992,4,22,1,"m",21,158,NA,NA
1992,4,22,1,"m",15,136,NA,NA
1992,4,22,1,"f",15,126,1,NA
1992,4,22,1,"f",23,141,0,NA
1992,4,22,1,"m",26,154,NA,NA
1992,4,22,1,"f",3,124,1,NA
1992,4,24,1,"f",3,129,0,NA
1993,5,NA,1,"m",9,134,NA,NA
1993,5,NA,1,"f",10,121,0,NA
1993,5,NA,1,"m",17,140,NA,NA
1993,5,NA,1,"m",14,138,NA,NA
1993,5,NA,1,"m",17,151,NA,NA
1993,5,NA,1,"m",13,129,NA,NA
1993,5,NA,1,"f",3,121,0,NA
1993,5,NA,1,"f",23,139,0,NA
1993,5,NA,1,"m",6,134,NA,NA
1994,5,NA,1,"f",4,118,0,NA
1994,5,NA,1,"m",8,124,NA,NA
1994,5,NA,1,"m",6,132,NA,NA
1994,5,NA,1,"m",5,123,NA,NA
1995,4,NA,1,"m",5,130,NA,NA
1995,4,NA,1,"f",32,138,0,NA
1995,4,NA,1,"m",4,118,NA,NA
1995,4,NA,1,"f",12,137,0,NA
1995,4,NA,1,"m",11,156,NA,NA
1995,4,NA,1,"f",8,127,0,NA
1995,4,NA,1,"f",3,111,0,NA
1995,4,NA,1,"f",3,111,0,NA
1995,4,NA,1,"m",10,147,NA,NA
1995,4,NA,1,"m",5,124,NA,NA
1996,4,NA,1,"f",12,139,0,NA
1996,4,NA,1,"f",6,129,1,NA
1996,4,NA,1,"m",18,146,NA,NA
1996,4,NA,1,"f",11,130,1,NA
1996,4,NA,1,"f",14,126,0,NA
1996,4,NA,1,"f",6,127,0,NA
1996,4,NA,1,"f",20,136,1,NA
1996,4,NA,1,"f",14,141,0,NA
1996,4,NA,1,"f",18,134,1,NA
1996,11,NA,1,"f",29,134,1,NA
1997,5,NA,1,"m",21,147,NA,NA
1997,5,NA,1,"f",7,130,0,NA
1997,5,NA,1,"f",7,128,1,NA
1997,5,NA,1,"f",6,129,1,NA
1997,5,NA,1,"f",8,123,1,NA
1997,5,NA,1,"f",6,127,0,NA
1997,5,NA,1,"f",7,126,1,NA
1997,5,NA,1,"m",7,130,NA,NA
1997,5,NA,1,"m",16,139,NA,NA
1997,5,NA,1,"m",15,131,NA,NA
1998,4,NA,1,"f",4,126,0,NA
1998,4,NA,1,"f",25,135,0,NA
1998,4,NA,1,"f",13,128,0,NA
1998,4,NA,1,"f",20,137,0,NA
1998,4,NA,1,"m",4,133,NA,NA
1998,4,NA,1,"m",7,131,NA,NA
1998,4,NA,1,"m",14,148,NA,NA
1998,4,NA,1,"m",1,116,NA,NA
1998,4,NA,1,"f",12,126,0,NA
1998,5,NA,1,"m",12,142,NA,NA
1999,4,NA,1,"f",19,140,0,NA
1999,4,NA,1,"f",13,134,1,NA
1999,5,NA,1,"f",11,125,1,NA
1999,5,NA,1,"m",10,135,NA,NA
1999,5,NA,1,"f",22,157,1,NA
1999,5,NA,1,"f",6,126,1,NA
1999,5,NA,1,"m",13,128,NA,NA
2000,4,NA,1,"m",19,143,NA,NA
2000,4,NA,1,"f",6,130,1,NA
2000,4,NA,1,"f",2,118,0,NA
2000,4,NA,1,"m",14,134,NA,NA
2000,4,NA,1,"m",27,149,NA,NA
2000,4,NA,1,"f",15,124,1,NA
2000,4,NA,1,"f",9,138,1,NA
2000,4,NA,1,"m",6,132,NA,NA
2000,4,NA,1,"m",7,140,NA,NA
2000,7,NA,1,"f",0,NA,NA,NA
2001,5,NA,1,"m",20,NA,NA,NA
2001,7,NA,1,"m",1,NA,NA,NA
2002,4,NA,4,"f",13,148,1,NA
2002,4,NA,1,"f",9,149,1,NA
2002,4,NA,1,"f",20,144,0,NA
2002,4,NA,1,"f",17,137,0,NA
2002,4,NA,1,"f",16,142,NA,NA
2002,4,NA,1,"m",9,135,NA,NA
2002,4,NA,1,"m",6,128,NA,NA
2002,4,NA,1,"f",17,140,1,NA
2002,4,NA,1,"f",4,122,0,NA
2004,4,25,1,"f",10,134,1,NA
2004,4,25,1,"f",6,125,1,NA
2004,4,NA,1,"m",NA,145,NA,NA
2004,4,NA,1,"m",NA,133,NA,NA
2004,4,NA,1,"m",NA,131,NA,NA
2004,4,26,1,"f",6,124,1,NA
2004,4,27,1,"f",20,137,1,NA
2004,4,27,1,"f",6,122,NA,NA
2004,4,28,1,"f",9,128,1,NA
2004,5,1,1,"f",35,NA,0,NA
2004,5,NA,1,"m",6,NA,NA,NA
2004,10,2,1,"f",5,NA,1,NA
2004,NA,NA,NA,"f",NA,NA,0,NA
2005,5,NA,1,"f",NA,NA,0,NA
2006,4,20,1,"m",2,111,NA,NA
2006,4,20,1,"f",7,122,0,NA
2006,4,21,1,"m",4,127,NA,NA
2006,4,21,1,"f",6,128,0,NA
2006,4,21,1,"m",2,110,NA,NA
2006,4,22,1,"m",8,134,NA,NA
2006,4,22,1,"m",6,138,NA,NA
2006,4,22,1,"f",15,133,1,NA
2006,4,22,1,"f",10,135,1,NA
2006,4,23,1,"m",9,136,NA,NA
2006,4,23,1,"m",4,123,NA,NA
2006,4,23,1,"f",13,141,0,NA
2006,4,24,1,"m",11,132,NA,NA
2006,4,24,1,"m",9,143,NA,NA
2006,5,NA,1,NA,0,NA,NA,NA
2007,4,21,1,"m",4,126,NA,NA
2007,4,21,1,"m",6,140,NA,NA
2007,4,22,1,"f",8,132,1,NA
2007,4,22,1,"m",2,123,NA,NA
2007,4,22,1,"m",10,137,NA,NA
2007,4,23,1,"f",16,135,0,NA
2007,4,23,1,"m",7,142,NA,NA
2007,4,24,1,"m",15,142,NA,NA
2007,4,24,1,"m",20,135,NA,NA
2007,4,24,1,"m",3,114,NA,NA
2007,4,12,4,"m",NA,NA,NA,NA
2007,8,31,4,"m",0,NA,NA,NA
2007,9,11,4,"m",0,NA,NA,NA
2007,9,28,2,"f",NA,126,NA,NA
2007,10,12,4,"f",NA,110,1,1
2007,10,21,4,"f",NA,150,1,NA
2008,3,28,1,"m",NA,NA,NA,NA
2008,4,24,1,"m",0,NA,NA,NA
2008,4,30,1,"m",0,NA,NA,NA
2008,4,30,1,"m",NA,NA,NA,NA
2008,4,16,1,"m",NA,NA,NA,NA
2008,4,19,1,"m",0,NA,NA,NA
2008,4,22,1,"m",0,NA,NA,NA
2008,4,22,1,"m",NA,NA,NA,NA
2008,5,30,1,"f",1,104,0,NA
2008,5,30,1,"m",13,135,NA,NA
2008,5,30,1,"f",1,109,0,NA
2008,6,30,4,NA,NA,NA,NA,NA
2008,6,9,1,"f",14,128,1,NA
2008,6,1,1,"f",1,117,NA,NA
2008,6,1,1,"m",1,103,NA,NA
2008,6,3,1,"f",18,130,1,NA
2008,6,5,1,"m",25,142,NA,NA
2008,6,7,1,"m",2,110,NA,NA
2008,6,9,1,"m",15,129,NA,NA
2008,6,11,1,"m",0,73,NA,NA
2008,6,14,1,"m",0,94,NA,NA
2009,4,22,2,"f",0,80,NA,NA
2009,4,28,1,"m",8,138,NA,NA
2009,4,29,1,"m",11,125,NA,NA
2009,4,29,1,"m",9,136,NA,NA
2009,4,29,1,"m",6,135,NA,NA
2009,4,30,1,"m",12,134,NA,NA
2009,4,30,1,"m",13,143,NA,NA
2009,4,30,1,"m",5,136,NA,NA
2009,5,20,1,"f",12,131,1,NA
2009,5,20,1,"f",6,126,1,NA
2009,5,22,1,"f",1,114,0,NA
2009,5,22,1,"f",27,132,1,NA
2009,5,24,1,"f",14,130,1,NA
2009,5,24,1,"f",5,120,0,NA
2009,5,14,1,"m",8,133,NA,NA
2009,5,15,1,"m",12,122,NA,NA
2009,5,1,1,"m",9,140,NA,NA
2009,5,1,1,"f",8,133,0,NA
2009,5,1,1,"m",6,139,NA,NA
2009,6,6,1,"f",6,118,1,NA
2009,7,10,1,NA,0,NA,NA,NA
2009,7,31,1,"m",0,95,NA,NA
2009,9,5,4,"m",0,110,NA,NA
2009,10,18,1,"f",8,121,0,NA
2009,10,20,1,"f",20,133,1,NA
2009,10,27,1,"f",8,157,0,NA
2009,10,2,1,"m",3,114,NA,NA
2009,10,9,1,"m",12,142,NA,NA
2009,10,9,1,"m",6,132,NA,NA
2009,10,12,1,"m",14,138,NA,NA
2009,10,24,1,"m",15,159,NA,NA
2009,10,29,1,"m",9,147,NA,NA
2009,10,31,1,"m",7,146,NA,NA
2009,10,27,1,"f",13,128,0,NA
2009,11,NA,1,"m",4,NA,NA,NA
2009,11,5,1,"m",5,140,NA,NA
2009,11,5,1,"m",16,144,NA,NA
2009,11,7,1,"m",2,124,NA,NA
2009,11,5,1,"f",6,127,1,NA
2010,5,NA,4,"m",6,NA,NA,NA
2010,9,NA,4,"f",0,125,0,NA
2010,9,NA,1,"m",11,144,NA,NA
2010,10,NA,1,"m",0,108,NA,NA
2010,10,NA,1,"m",10,137,NA,NA
2010,10,NA,1,"m",11,150,NA,NA
2011,5,NA,NA,"m",24,NA,NA,NA
2011,5,NA,NA,"f",9,NA,0,NA
2011,5,NA,NA,"f",4,NA,NA,1
2011,5,NA,NA,"f",8,NA,1,1
2011,5,29,4,"f",5,90,1,1
2011,5,NA,4,"f",5,100,0,NA
2011,5,NA,4,"f",6,90,NA,1
2011,5,NA,4,"f",2,100,NA,NA
2011,11,NA,4,"m",2,110,NA,NA
2012,9,16,4,"f",NA,NA,NA,NA
2012,9,28,4,"m",0,94,NA,NA
2012,10,7,1,"f",1,NA,0,NA
2012,10,8,1,"m",10,NA,NA,NA
2012,10,8,1,"f",1,NA,0,NA
2012,10,8,1,"f",14,NA,NA,NA
2013,4,22,4,"m",3,115,NA,NA
2013,4,20,4,"m",1,116,NA,NA
2013,10,19,4,"f",0,104,0,NA
2013,10,22,1,"m",24,NA,NA,NA
2013,11,2,2,"f",0,115,NA,NA
2013,11,2,4,"m",0,134,NA,NA
2013,11,2,1,"f",1,NA,0,0
2013,11,17,4,"f",6,164,0,NA
2013,11,3,1,"m",8,NA,NA,NA
2013,11,3,1,"m",NA,NA,NA,NA
2014,4,27,1,"f",0,100,NA,NA
2014,4,10,2,"f",0,NA,NA,NA
2014,4,15,2,"m",0,70,NA,NA
2014,5,16,2,"m",0,97,NA,NA
2014,5,22,2,"m",0,75,NA,NA
2014,5,8,2,"m",0,73,NA,NA
2014,5,4,2,"f",NA,82,NA,NA
2014,5,6,2,"f",0,NA,NA,NA
2014,5,14,4,"m",0,60,NA,NA
2014,6,20,2,"m",0,90,NA,NA
2014,6,7,2,"m",0,95,NA,NA
2014,6,2,2,"f",0,75,NA,NA
2014,6,18,2,"f",0,70,NA,NA
2014,6,15,2,"m",0,100,NA,NA
2014,7,10,2,"f",0,70,NA,NA
2014,7,11,2,"m",28,110,NA,NA
2014,9,9,2,"m",0,98,NA,NA
2014,9,19,2,"f",0,85,0,NA
2014,10,31,2,"m",2,115,NA,NA
2014,10,31,2,"m",1,107,NA,NA
2014,10,10,1,NA,3,NA,NA,NA
2014,10,12,1,"m",13,NA,NA,NA
2014,11,8,2,"f",1,NA,0,NA
2014,11,15,4,"m",0,100,NA,NA
2015,4,20,4,"m",NA,140,NA,NA
2015,4,27,4,"f",0,65,0,NA
2015,4,29,4,"m",0,75,NA,NA
2015,4,29,4,"m",0,70,NA,NA
2015,4,26,4,"m",0,60,NA,NA
2015,4,27,4,"f",0,68,0,NA
2015,5,20,2,"m",2,NA,NA,NA
2015,5,20,2,"m",1,NA,NA,NA
2015,5,6,4,"m",0,98,NA,NA
2015,5,8,4,"f",0,75,NA,NA
2015,5,30,4,"f",0,80,0,NA
2015,5,2,4,"f",0,70,0,NA
2015,5,9,4,"f",0,64,0,NA
2015,5,NA,4,"f",0,78,0,NA
2015,5,18,4,"m",0,85,NA,NA
2015,5,15,NA,"m",0,82,NA,NA
2015,5,10,4,"f",0,59,0,NA
2015,5,25,4,"m",0,NA,NA,NA
2015,5,7,4,"m",0,85,NA,NA
2015,5,5,4,"m",0,68,NA,NA
2015,5,18,4,"m",0,70,NA,NA
2015,6,8,4,"m",0,85,NA,NA
2015,6,8,4,NA,0,95,NA,NA
2015,6,18,4,"m",0,110,NA,NA
2015,7,22,1,"f",3,NA,NA,NA
2015,7,8,4,"m",0,76,NA,NA
2015,7,28,NA,"f",0,78,0,NA
2015,7,20,NA,"f",0,78,0,NA
2015,9,15,2,"f",0,120,0,NA
2015,9,22,2,"f",NA,137,NA,NA
2015,9,11,2,"m",4,140,NA,NA
2015,9,11,2,"m",0,84,NA,NA
2015,9,3,2,"m",0,94,NA,NA
2015,10,8,NA,"m",1,90,NA,NA
2015,10,7,NA,"f",6,110,NA,NA
2015,10,11,1,"m",15,NA,NA,NA
2015,10,13,1,"f",16,NA,1,NA
2015,10,13,1,"m",4,NA,NA,NA
2015,10,10,1,"f",1,NA,0,0
2015,5,8,4,NA,0,NA,NA,NA
2015,5,8,4,"f",0,NA,0,NA
2015,5,8,4,NA,0,NA,NA,NA
2015,5,8,4,"m",0,NA,NA,NA
2015,9,NA,4,"m",0,NA,NA,NA
2016,4,20,1,"f",10,120,1,1
2016,4,28,1,"m",0,70,NA,NA
2016,4,20,1,"m",30,120,NA,NA
2016,4,20,1,"m",1,70,NA,NA
2016,4,26,1,"m",0,97,NA,NA
2016,4,30,1,"m",0,70,NA,NA
2016,4,30,1,"f",8,NA,1,1
2016,4,30,1,"f",7,138,1,1
2016,4,16,1,"f",1,80,0,0
2016,4,22,1,"m",1,110,NA,NA
2016,4,16,1,"m",3,105,NA,NA
2016,4,23,1,"f",18,105,1,1
2016,4,22,1,"m",9,122,NA,NA
2016,4,30,1,"f",2,NA,0,NA
2016,4,30,1,"m",17,NA,NA,NA
2016,4,23,1,"f",7,NA,0,0
2016,5,3,1,"m",20,135,NA,NA
2016,5,7,1,"m",19,130,NA,NA
2016,5,9,1,"m",2,115,NA,NA
2016,5,1,1,"f",11,NA,0,0
2016,5,9,1,"f",2,105,0,0
2016,5,9,1,"f",1,105,0,0
2016,5,9,1,"m",4,125,NA,NA
2016,5,4,1,"m",2,130,NA,NA
2016,5,3,1,"f",2,120,NA,0
2016,5,3,1,NA,2,125,NA,NA
2016,5,4,1,"f",12,122,0,0
2016,5,4,1,"m",9,132,NA,NA
2016,5,7,1,"f",1,98,0,0
2016,5,2,1,"m",0,53,NA,NA
2016,5,4,1,"m",1,115,NA,NA
2016,5,29,2,"f",0,38,0,0
2016,5,6,1,"m",18,NA,NA,NA
2016,5,3,1,"m",8,114,NA,NA
2016,5,6,1,"f",40,NA,NA,NA
2016,5,5,1,"f",0,65,0,0
2016,5,4,1,"m",22,122,NA,NA
2016,5,5,1,"m",22,130,NA,NA
2016,5,4,1,"m",11,128,NA,NA
2016,5,4,1,"f",0,70,0,0
2016,5,5,1,"f",21,131,1,1
2016,5,1,1,"m",2,NA,NA,NA
2016,5,1,1,"m",11,NA,NA,NA
2016,5,2,1,"f",27,NA,NA,NA
2016,5,2,1,"f",1,NA,NA,NA
2016,9,17,1,"f",0,85,NA,NA
2017,4,23,1,"m",0,50,NA,NA
2017,4,16,1,"f",2,120,0,0
2017,4,28,1,"m",12,135,NA,NA
2017,4,28,1,"f",1,110,NA,NA
2017,4,NA,1,"m",5,135,NA,NA
2017,4,NA,1,"f",3,130,NA,NA
2017,4,28,1,"m",6,130,NA,NA
2017,4,16,1,"m",7,138,NA,NA
2017,4,22,1,"m",0,55,NA,NA
2017,4,22,1,"m",15,120,NA,NA
2017,4,22,1,"f",7,110,1,1
2017,4,16,1,"f",11,135,1,1
2017,4,22,1,"f",9,140,1,1
2017,4,22,1,"m",NA,135,NA,NA
2017,4,22,1,"f",7,110,0,NA
2017,4,23,1,"m",20,140,NA,NA
2017,4,20,1,"f",12,110,1,1
2017,4,28,1,"f",10,140,1,1
2017,4,21,1,"f",NA,NA,0,NA
2017,4,27,1,"m",30,158,NA,NA
2017,4,27,1,"m",24,163,NA,NA
2017,4,28,1,"f",12,145,1,1
2017,4,28,1,"f",3,132,0,0
2017,4,28,1,"f",17,148,NA,1
2017,4,28,1,"f",0,82,0,0
2017,4,23,1,"f",0,98,0,0
2017,4,16,1,"f",NA,105,1,1
2017,4,16,1,"f",15,125,1,1
2017,4,16,1,"m",7,130,NA,NA
2017,4,17,1,"f",2,115,0,0
2017,4,18,1,"f",2,112,0,0
2017,4,23,1,"f",26,135,NA,NA
2017,4,16,1,"f",3,107,0,0
2017,4,29,1,"m",28,160,NA,NA
2017,4,28,1,"f",0,160,0,0
2017,4,28,1,"f",0,65,0,NA
2017,4,28,1,"f",0,60,0,NA
2017,4,29,1,"f",21,60,0,0
2017,4,18,1,"f",30,123,0,0
2017,4,18,1,"f",1,80,NA,NA
2017,4,16,1,"f",3,110,0,0
2017,4,29,1,"f",2,133,NA,NA
2017,4,24,1,"f",0,60,NA,NA
2017,4,24,1,"m",0,63,NA,NA
2017,4,28,1,"m",14,128,NA,NA
2017,4,28,1,"m",4,136,NA,NA
2017,4,28,1,"m",22,149,NA,NA
2017,4,29,1,"f",2,90,0,NA
2017,4,29,1,"m",1,120,NA,NA
2017,4,28,1,"f",2,107,0,NA
2017,4,28,1,"m",0,74,NA,NA
2017,4,28,1,"m",7,108,NA,NA
2017,4,29,1,"m",5,110,NA,NA
2017,4,29,1,"f",2,90,0,NA
2017,4,23,1,"m",16,138,NA,NA
2017,4,28,1,"m",17,118,NA,NA
2017,4,NA,1,"m",2,120,NA,NA
2017,4,17,1,"f",2,91,0,NA
2017,4,18,1,"m",13,146,NA,NA
2017,4,19,1,"m",3,131,NA,NA
2017,4,16,1,"f",3,135,0,0
2017,4,16,1,"m",11,140,NA,NA
2017,4,17,1,"f",3,116,0,NA
2017,4,18,1,"m",15,112,NA,NA
2017,4,28,1,"m",3,145,NA,NA
2017,4,17,1,"m",2,150,NA,NA
2017,4,19,1,"f",0,100,0,NA
2017,5,13,1,"m",0,70,NA,NA
2017,5,13,1,"f",2,90,0,0
2017,5,13,1,"f",0,45,NA,NA
2017,5,13,1,"f",1,100,NA,NA
2017,5,13,1,"f",0,80,NA,NA
2017,5,3,1,"m",19,148,NA,NA
2017,5,4,1,"m",11,152,NA,NA
2017,5,4,1,"m",5,167,NA,NA
2017,5,6,1,"m",11,142,NA,NA
2017,5,5,1,"m",19,135,NA,NA
2017,5,12,1,"m",0,82,NA,NA
2017,5,12,1,"f",0,97,0,NA
2017,5,12,1,"m",0,78,NA,NA
2017,5,10,1,"f",0,84,0,NA
2017,5,10,1,"f",0,80,0,NA
2017,5,10,1,"f",4,121,0,NA
2017,5,10,1,"f",0,92,0,NA
2017,5,7,1,"m",0,93,NA,NA
2017,5,12,4,"f",0,91,0,NA
2017,5,13,1,"f",0,71,0,NA
2017,5,7,1,"m",4,132,NA,NA
2017,5,7,1,"m",1,100,NA,NA
2017,5,12,1,"m",0,98,NA,NA
2017,5,12,1,"f",0,92,0,NA
2017,5,12,1,"m",0,80,NA,NA
2017,5,12,1,"m",22,160,NA,NA
2017,5,6,1,"f",1,100,NA,NA
2017,5,7,1,"m",16,165,NA,NA
2017,5,7,1,"m",2,100,NA,NA
2017,5,7,1,"m",0,60,NA,NA
2017,5,1,1,"f",10,137,1,1
2017,5,7,1,"m",16,151,NA,NA
2017,5,8,1,"f",3,138,0,0
2017,5,7,1,"f",0,60,NA,NA
2017,5,7,1,"m",0,70,NA,NA
2017,5,3,1,"f",0,87,0,NA
2017,5,5,1,"f",15,130,1,1
2017,5,1,1,"m",0,94,NA,NA
2017,5,1,1,"m",1,83,NA,NA
2017,5,7,1,"m",0,71,NA,NA
2017,5,7,1,"m",18,113,NA,NA
2017,5,16,1,"m",9,130,NA,NA
2017,5,3,1,"m",0,74,NA,NA
2017,5,18,1,"m",0,80,NA,NA
2017,5,18,1,"m",0,70,NA,NA
2017,5,18,1,"f",0,70,0,NA
2017,5,7,1,"m",2,100,NA,NA
2017,5,16,1,"f",15,130,1,1
2017,5,16,1,"f",2,105,0,NA
2017,5,16,1,"m",9,107,NA,NA
2017,5,3,1,"m",14,138,NA,NA
2017,5,2,2,"f",0,100,0,NA
2017,5,21,1,"m",1,105,NA,NA
2017,5,16,NA,"m",23,140,NA,NA
2017,5,1,1,"m",1,106,NA,NA
2017,5,13,1,"m",0,92,NA,NA
2017,5,13,1,"m",20,159,NA,NA
2017,5,16,1,"m",0,NA,NA,NA
2017,5,27,1,"f",6,120,0,1
2017,5,27,1,"f",2,86,0,NA
2017,5,27,1,"m",4,136,NA,NA
2017,5,23,1,"f",9,110,1,1
2017,5,23,1,"m",5,115,NA,NA
2017,5,22,1,"f",23,120,1,0
2017,5,20,1,"f",2,75,0,NA
2017,5,15,1,"f",0,65,0,NA
2017,5,18,1,"m",3,120,NA,NA
2017,5,23,1,"f",0,88,0,NA
2017,5,10,1,"f",10,NA,1,0
2017,5,1,1,"m",24,150,NA,NA
2017,5,11,1,"f",6,139,1,1
2017,5,16,1,"m",0,83,NA,NA
2017,5,16,1,"m",0,93,NA,NA
2017,5,12,1,"f",8,121,0,0
2017,5,12,1,"f",12,110,1,NA
2017,5,11,1,"m",2,95,NA,NA
2017,5,13,1,"m",0,NA,NA,NA
2017,5,26,1,"m",3,128,NA,NA
2017,5,26,1,"m",1,96,NA,NA
2017,5,12,1,"m",7,145,NA,NA
2017,5,11,1,"m",4,114,NA,NA
2017,5,12,1,"m",3,NA,NA,NA
2017,5,13,1,"m",14,123,NA,NA
2017,5,21,1,"f",13,140,0,0
2017,5,14,1,"m",17,135,NA,NA
2017,5,13,1,"f",5,130,1,0
2017,5,12,1,"f",0,75,NA,NA
2017,5,12,1,"m",0,95,NA,NA
2017,5,12,1,"m",0,105,NA,NA
2017,5,12,1,"f",0,105,0,NA
2017,5,13,1,"f",5,135,1,1
2017,5,13,1,"f",10,140,1,1
2017,5,12,1,"m",0,102,NA,NA
2017,5,12,1,"f",2,79,0,NA
2017,5,20,1,"m",7,115,NA,NA
2017,5,20,1,"f",0,85,0,NA
2017,5,16,1,"m",2,107,NA,NA
2017,5,16,1,"f",13,128,0,NA
2017,5,31,4,"f",0,98,NA,NA
2017,5,4,1,"f",4,110,NA,NA
2017,5,4,1,"f",8,105,1,NA
2017,6,3,4,"f",0,70,0,NA
2017,6,17,4,"m",0,105,NA,NA
2017,7,12,4,"m",0,90,NA,NA
2017,NA,NA,1,"m",13,NA,NA,NA
2017,NA,NA,1,"f",1,110,0,NA
2018,1,9,5,"f",3,101,NA,NA
2018,4,16,1,"m",0,80,NA,NA
2018,4,17,1,"f",9,130,1,1
2018,4,17,1,"f",15,125,1,1
2018,4,20,1,"f",5,115,0,NA
2018,4,20,1,"f",3,110,NA,NA
2018,4,18,1,"f",0,88,NA,NA
2018,4,22,1,"f",0,84,NA,NA
2018,4,19,1,"f",0,86,NA,NA
2018,4,16,1,"m",5,130,NA,NA
2018,4,19,1,"m",5,115,NA,NA
2018,4,19,1,"f",17,113,1,1
2018,4,16,1,"m",8,120,NA,NA
2018,4,17,1,"f",19,145,0,0
2018,4,30,1,"m",NA,136,NA,NA
2018,4,28,1,"f",11,127,1,1
2018,4,27,1,"m",0,90,NA,NA
2018,4,18,1,"f",8,140,0,0
2018,4,22,1,"m",19,120,NA,NA
2018,4,22,1,"m",4,85,NA,NA
2018,4,24,1,"m",0,100,NA,NA
2018,4,23,1,"f",11,135,1,1
2018,4,20,1,"f",8,130,1,1
2018,4,29,1,"f",16,135,1,1
2018,4,30,1,"f",1,90,NA,NA
2018,4,29,1,"m",6,130,NA,NA
2018,4,20,1,"f",10,109,1,1
2018,4,20,1,"m",2,110,NA,NA
2018,4,20,1,"m",3,110,NA,NA
2018,4,20,1,"m",8,109,NA,NA
2018,4,16,1,"f",11,130,1,1
2018,4,30,1,"m",10,149,NA,NA
2018,4,16,1,"m",NA,133,NA,NA
2018,4,30,1,"f",2,125,0,NA
2018,4,17,1,"f",4,126,0,NA
2018,4,18,1,"f",9,146,1,1
2018,4,17,1,"m",24,150,NA,NA
2018,4,30,1,"f",11,148,1,1
2018,4,17,1,"f",15,136,1,0
2018,4,17,1,"m",8,146,NA,NA
2018,4,30,1,"f",7,135,1,1
2018,4,21,1,"f",4,NA,NA,NA
2018,5,5,1,"f",16,140,1,1
2018,5,5,1,"m",3,130,NA,NA
2018,5,5,1,"f",12,115,1,1
2018,5,12,1,"m",4,127,NA,NA
2018,5,10,1,"f",12,90,1,1
2018,5,10,1,"f",6,95,1,1
2018,5,11,1,"m",0,70,NA,NA
2018,5,11,1,"m",22,140,NA,NA
2018,5,11,1,"m",2,100,NA,NA
2018,5,11,1,"m",8,120,NA,NA
2018,5,2,1,"f",0,90,NA,NA
2018,5,6,1,"m",6,140,NA,NA
2018,5,5,1,"m",7,75,NA,NA
2018,5,2,1,"m",4,125,NA,NA
2018,5,2,1,"f",0,130,NA,NA
2018,5,1,1,"m",29,135,NA,NA
2018,5,5,1,"m",5,NA,NA,NA
2018,5,5,1,"m",13,120,NA,NA
2018,5,5,1,"m",5,80,NA,NA
2018,5,5,1,"f",12,145,1,0
2018,5,12,1,"m",8,137,NA,NA
2018,5,12,1,"m",2,118,NA,NA
2018,5,11,1,"f",1,120,0,0
2018,5,12,1,"m",4,133,NA,NA
2018,5,11,1,"m",30,160,NA,NA
2018,5,11,1,"m",3,112,NA,NA
2018,5,11,1,"f",12,137,0,0
2018,5,5,1,"f",4,125,NA,NA
2018,5,5,1,"m",20,152,NA,NA
2018,5,1,2,"m",0,65,NA,NA
2018,5,5,1,"m",2,115,NA,NA
2018,5,5,1,"m",8,155,NA,NA
2018,5,13,1,"f",0,100,NA,NA
2018,5,12,1,"f",2,88,0,0
2018,5,8,1,"f",0,95,NA,NA
2018,5,11,1,"f",1,100,NA,NA
2018,5,11,1,"m",2,121,NA,NA
2018,5,12,1,"m",15,153,NA,NA
2018,5,12,1,"f",2,106,0,0
2018,5,13,1,"f",0,80,NA,NA
2018,5,13,1,"f",11,135,1,1
2018,5,15,1,"f",4,100,0,0
2018,5,16,1,"f",0,75,NA,NA
2018,5,16,1,"m",2,114,NA,NA
2018,5,16,1,"m",5,139,NA,NA
2018,5,13,1,"m",0,97,NA,NA
2018,5,10,1,"m",0,70,NA,NA
2018,5,10,1,"m",0,64,NA,NA
2018,5,10,1,"m",5,124,NA,NA
2018,5,17,1,"f",8,125,1,0
2018,5,17,1,"f",12,130,0,0
2018,5,17,1,"m",9,130,NA,NA
2018,5,17,1,"m",0,90,NA,NA
2018,5,12,1,"m",2,115,NA,NA
2018,5,11,1,"f",9,155,1,1
2018,5,13,1,"m",7,120,NA,NA
2018,5,12,1,"m",2,126,NA,NA
2018,5,8,1,"f",2,140,0,0
2018,5,12,1,"f",0,115,NA,NA
2018,5,8,1,"f",1,120,0,0
2018,5,15,1,"m",2,120,NA,NA
2018,5,13,1,"m",3,118,NA,NA
2018,5,12,1,"m",16,156,NA,NA
2018,5,11,1,"f",0,80,NA,NA
2018,5,11,1,"f",0,75,NA,NA
2018,5,14,1,"m",5,152,NA,NA
2018,5,22,4,"f",0,80,NA,NA
2018,5,18,1,"m",3,70,NA,NA
2018,5,13,1,"f",0,115,NA,NA
2018,5,12,1,"m",2,130,NA,NA
2018,5,8,1,"f",7,140,1,1
2018,5,8,1,"f",16,150,1,1
2018,5,11,1,"f",7,130,1,1
2018,5,9,1,"f",3,112,0,0
2018,5,12,1,"m",27,146,NA,NA
2018,5,1,1,"m",9,155,NA,NA
2018,5,15,1,"f",4,145,1,1
2018,5,13,1,"f",12,140,1,1
2018,5,1,1,"f",7,128,1,1
2018,5,8,1,"m",11,145,NA,NA
2018,5,13,1,"m",2,120,NA,NA
2018,5,14,1,"f",2,NA,0,0
2018,5,15,1,"m",7,NA,NA,NA
2018,5,17,1,"m",2,NA,NA,NA
2018,5,17,1,"f",7,NA,1,1
2018,5,17,1,NA,3,NA,NA,NA
2018,5,20,1,NA,4,NA,NA,NA
2018,5,20,1,"f",11,NA,1,1
2018,5,15,1,"f",0,80,NA,NA
2018,5,16,1,"m",0,80,NA,NA
2018,5,15,1,"m",1,105,NA,NA
2018,5,16,1,"m",3,115,NA,NA
2018,5,16,1,"m",22,135,NA,NA
2018,5,1,1,"f",3,133,NA,1
2018,NA,NA,1,"m",13,145,NA,NA
2018,NA,NA,1,"m",0,85,NA,NA
2019,4,19,1,"m",16,128,NA,NA
2019,4,19,1,"f",3,103,0,0
2019,4,19,1,"m",4,115,NA,NA
2019,4,16,1,"f",11,138,1,1
2019,4,16,1,"f",9,136,1,1
2019,4,16,1,"f",2,83,NA,NA
2019,4,16,1,"f",1,86,0,NA
2019,4,16,1,"f",1,82,0,0
2019,4,16,1,"m",1,88,NA,NA
2019,4,16,1,"m",1,79,NA,NA
2019,4,16,1,"m",1,89,NA,NA
2019,4,16,1,"m",0,55,NA,NA
2019,4,16,1,"f",6,112,1,1
2019,4,16,1,"m",17,98,NA,NA
2019,4,16,1,"f",4,103,0,0
2019,4,17,1,"f",6,113,1,1
2019,4,19,1,"m",5,130,NA,NA
2019,4,19,1,"m",5,145,NA,NA
2019,4,19,1,"f",6,125,1,1
2019,4,16,1,"f",2,110,0,0
2019,4,16,1,"m",8,120,NA,NA
2019,4,16,1,"m",21,130,NA,NA
2019,4,16,1,"m",20,140,NA,NA
2019,4,17,1,"m",0,105,NA,NA
2019,4,17,1,"m",0,100,NA,NA
2019,4,16,1,"m",10,149,NA,NA
2019,4,16,1,"f",0,84,0,0
2019,4,19,1,"f",18,130,1,1
2019,4,19,1,"f",6,150,1,1
2019,4,16,1,"f",22,130,1,1
2019,4,17,1,"m",6,125,NA,NA
2019,4,16,1,"f",2,170,NA,NA
2019,4,17,1,"m",8,145,NA,NA
2019,4,27,1,"m",0,65,NA,NA
2019,4,18,1,"f",2,101,0,NA
2019,4,27,1,"m",0,79,NA,NA
2019,4,27,1,"f",7,125,1,1
2019,4,27,1,"m",0,71,NA,NA
2019,4,30,1,"m",0,65,NA,NA
2019,4,29,1,"f",2,120,0,NA
2019,4,30,1,"m",16,130,NA,NA
2019,4,28,1,"f",0,65,0,NA
2019,4,29,1,"m",23,133,NA,NA
2019,4,30,1,"f",7,125,1,1
2019,4,28,1,"f",NA,60,0,NA
2019,4,30,1,"m",0,90,NA,NA
2019,4,30,1,"f",0,80,0,NA
2019,4,30,1,"m",10,145,NA,NA
2019,4,29,1,"f",NA,75,NA,NA
2019,4,21,2,"m",0,67,NA,NA
2019,4,28,1,"m",0,79,NA,NA
2019,4,29,1,"m",9,160,NA,NA
2019,4,27,1,"f",16,143,NA,NA
2019,4,30,1,"m",0,72,NA,NA
2019,4,28,1,"f",1,110,0,NA
2019,4,28,1,"f",0,67,0,NA
2019,4,28,1,"m",1,110,NA,NA
2019,4,30,1,"m",1,97,NA,NA
2019,4,30,1,"m",1,91,NA,NA
2019,4,26,1,"m",0,74,NA,NA
2019,4,28,1,"f",0,61,0,NA
2019,4,28,1,"m",0,97,NA,NA
2019,4,19,2,"f",0,70,0,NA
2019,4,30,1,"m",0,89,NA,NA
2019,4,30,1,"m",1,90,NA,NA
2019,4,30,1,"f",9,159,1,NA
2019,4,30,1,"m",0,85,NA,NA
2019,4,30,1,"m",1,117,NA,NA
2019,4,30,1,"f",0,97,0,NA
2019,4,16,1,"f",1,130,0,NA
2019,4,30,1,"m",3,120,NA,NA
2019,4,30,1,"f",7,142,1,1
2019,4,25,1,"f",0,101,0,NA
2019,4,28,1,"m",8,131,NA,NA
2019,4,28,1,"m",11,126,NA,NA
2019,4,28,1,"f",1,65,0,NA
2019,4,5,1,"f",6,126,0,NA
2019,4,29,1,"m",10,124,NA,NA
2019,4,28,1,"f",12,106,1,0
2019,4,28,1,"f",13,115,1,1
2019,4,28,1,"f",5,100,NA,0
2019,4,28,1,"m",2,90,NA,NA
2019,4,28,1,"f",0,63,0,NA
2019,4,28,1,"m",0,72,NA,NA
2019,4,20,1,"m",16,123,NA,NA
2019,4,29,1,"f",0,106,0,NA
2019,4,5,1,"m",0,80,NA,NA
2019,4,5,1,"f",0,77,NA,NA
2019,4,28,1,"m",0,100,NA,NA
2019,4,29,1,"f",7,100,1,1
2019,4,21,1,"m",11,150,NA,NA
2019,4,28,1,"m",0,105,NA,NA
2019,4,21,1,"f",18,145,1,1
2019,4,25,1,"f",1,100,0,NA
2019,4,30,1,"m",0,80,NA,NA
2019,4,27,1,"f",1,90,0,NA
2019,4,25,1,"f",1,100,0,NA
2019,4,27,1,"m",3,120,NA,NA
2019,4,29,1,"m",7,125,NA,NA
2019,4,30,1,"f",NA,70,NA,NA
2019,4,30,1,"m",1,90,NA,NA
2019,4,30,1,"f",0,70,0,NA
2019,4,27,1,"m",2,99,NA,NA
2019,4,27,1,"f",15,102,NA,NA
2019,4,19,1,"f",15,150,1,1
2019,4,19,1,"m",2,120,NA,NA
2019,4,25,1,"f",8,148,0,0
2019,4,16,1,"f",2,105,NA,NA
2019,4,17,1,"m",6,118,NA,NA
2019,4,16,1,"m",12,130,NA,NA
2019,4,16,1,"m",0,95,NA,NA
2019,4,16,1,"f",15,150,0,0
2019,4,17,1,"f",16,130,1,1
2019,4,16,1,"m",17,140,NA,NA
2019,4,16,1,"f",8,105,NA,NA
2019,4,16,1,"f",16,141,0,0
2019,4,17,1,"f",10,140,NA,NA
2019,4,16,1,"f",17,150,1,1
2019,4,18,1,"m",0,70,NA,NA
2019,4,18,1,"f",0,98,0,NA
2019,4,18,1,"f",7,112,1,1
2019,4,17,1,"m",6,125,NA,NA
2019,4,16,1,"m",18,140,NA,NA
2019,4,18,1,"f",17,140,1,1
2019,4,17,1,"m",16,134,NA,NA
2019,4,16,1,"f",15,148,0,0
2019,4,16,1,"m",8,130,NA,NA
2019,4,16,1,"f",2,105,NA,NA
2019,4,17,1,"m",12,140,NA,NA
2019,4,17,1,"f",10,110,NA,NA
2019,4,16,1,"f",10,130,1,1
2019,4,16,1,"f",9,125,1,1
2019,4,16,1,"f",14,140,1,0
2019,4,16,1,"f",3,145,0,0
2019,4,16,1,"m",15,145,NA,NA
2019,4,16,1,"m",10,160,NA,NA
2019,4,16,1,"f",12,127,1,1
2019,4,16,1,"m",14,107,NA,NA
2019,4,16,1,"f",0,80,NA,NA
2019,4,17,1,"m",7,125,NA,NA
2019,4,16,1,"f",3,148,0,NA
2019,4,16,1,"f",7,130,1,1
2019,5,6,1,"f",0,60,0,NA
2019,5,5,1,"f",7,100,1,1
2019,5,5,1,"m",16,130,NA,NA
2019,5,4,1,"m",19,130,NA,NA
2019,5,4,1,"m",11,130,NA,NA
2019,5,1,1,"f",15,135,1,1
2019,5,4,1,"f",7,148,1,1
2019,5,10,1,"m",2,98,NA,NA
2019,5,10,1,"m",0,62,NA,NA
2019,5,10,1,"m",1,95,NA,NA
2019,5,4,1,"f",0,95,0,NA
2019,5,4,1,"m",0,75,NA,NA
2019,5,4,1,"f",0,90,0,NA
2019,5,4,1,"f",1,110,0,NA
2019,5,4,1,"f",6,150,1,1
2019,5,4,1,"m",3,120,NA,NA
2019,5,4,1,"f",5,150,1,1
2019,5,4,1,"f",0,80,0,NA
2019,5,5,1,"f",1,100,0,NA
2019,5,30,1,"f",0,60,0,NA
2019,5,6,1,"f",0,65,0,NA
2019,5,6,1,"f",0,75,NA,NA
2019,5,6,1,"f",0,75,0,NA
2019,5,6,1,"m",0,72,NA,NA
2019,5,6,1,"m",0,NA,NA,NA
2019,5,21,1,"m",17,150,NA,NA
2019,5,15,1,"f",1,100,NA,NA
2019,5,25,2,"f",6,130,1,1
2019,5,11,1,"f",7,98,0,1
2019,5,11,1,"f",0,97,0,0
2019,5,11,1,"m",12,120,NA,NA
2019,5,11,1,"m",1,94,NA,NA
2019,5,11,1,"m",1,87,NA,NA
2019,5,11,1,"m",2,95,NA,NA
2020,4,30,1,"m",24,133,NA,NA
2020,4,18,1,"m",16,138,NA,NA
2020,4,19,1,"f",7,132,1,1
2020,4,18,1,"f",3,172,0,NA
2020,4,19,1,"f",10,129,1,1
2020,4,19,1,"m",7,127,NA,NA
2020,4,21,1,"f",14,160,1,1
2020,4,19,1,"f",11,134,0,0
2020,4,23,1,"m",0,97,NA,NA
2020,4,22,1,"m",6,142,NA,NA
2020,4,22,1,"m",0,82,NA,NA
2020,4,22,1,"m",7,130,NA,NA
2020,4,22,1,"f",8,154,0,0
2020,4,22,1,"m",7,130,NA,NA
2020,4,22,1,"m",NA,133,NA,NA
2020,4,23,1,"f",5,122,0,0
2020,4,23,1,"m",1,120,NA,NA
2020,4,23,1,"f",0,84,NA,NA
2020,4,16,1,"m",11,155,NA,NA
2020,4,21,1,"f",0,75,NA,NA
2020,4,21,1,"m",0,80,NA,NA
2020,4,21,1,"f",19,140,1,0
2020,4,19,1,"f",0,78,NA,NA
2020,4,22,1,"m",0,72,NA,NA
2020,4,26,1,"m",0,70,NA,NA
2020,4,26,1,"f",17,114,1,1
2020,4,16,1,"f",0,80,NA,NA
2020,4,26,1,"m",0,74,NA,NA
2020,4,19,1,"f",2,107,NA,NA
2020,4,22,1,"m",0,100,NA,NA
2020,4,22,1,"m",0,87,NA,NA
2020,4,22,1,"f",8,134,1,1
2020,4,22,1,"m",16,148,NA,NA
2020,4,22,1,"f",NA,150,1,1
2020,4,22,1,"m",0,106,NA,NA
2020,4,22,1,"f",0,90,NA,NA
2020,4,22,1,"f",2,118,NA,NA
2020,4,22,1,"f",10,140,1,1
2020,4,21,1,"m",3,115,NA,NA
2020,4,21,1,"m",0,75,NA,NA
2020,4,22,1,"f",11,130,1,1
2020,4,22,1,"f",NA,140,1,1
2020,4,22,1,"f",NA,135,1,1
2020,4,16,1,"f",NA,150,1,0
2020,4,16,1,"m",13,155,NA,NA
2020,4,21,1,"m",0,86,NA,NA
2020,4,22,1,"f",13,135,0,0
2020,4,22,1,"f",10,133,1,1
2020,4,22,1,"f",18,125,1,1
2020,4,22,1,"m",0,60,NA,NA
2020,4,22,1,"f",0,52,NA,NA
2020,4,23,1,"f",0,60,NA,NA
2020,4,23,1,"f",0,64,NA,NA
2020,4,22,1,"m",0,54,NA,NA
2020,4,25,1,"m",20,142,NA,NA
2020,4,25,1,"m",17,135,NA,NA
2020,4,25,1,"m",16,143,NA,NA
2020,4,24,1,"m",19,142,NA,NA
2020,4,25,1,"m",6,131,NA,NA
2020,4,24,1,"f",8,126,0,0
2020,4,24,1,"f",23,127,1,1
2020,4,26,1,"f",7,135,1,1
2020,4,26,1,"m",0,80,NA,NA
2020,4,26,1,"f",7,140,1,1
2020,4,29,1,"m",0,75,NA,NA
2020,4,29,1,"m",15,135,NA,NA
2020,4,29,1,"f",14,140,0,0
2020,4,23,1,"f",3,125,0,0
2020,4,23,1,"f",0,80,NA,NA
2020,4,23,1,"f",10,135,0,0
2020,4,23,1,"f",0,85,NA,NA
2020,4,23,1,"f",0,80,NA,NA
2020,4,23,1,"f",8,130,1,1
2020,4,24,1,"f",8,120,1,1
2020,4,24,1,"m",0,75,NA,NA
2020,4,21,1,"m",10,130,NA,NA
2020,4,24,1,"m",14,138,NA,NA
2020,4,16,1,"f",9,150,0,NA
2020,4,23,1,"f",6,140,1,1
2020,4,17,1,"m",10,158,NA,NA
2020,4,24,1,"m",0,58,NA,NA
2020,4,24,1,"m",0,60,NA,NA
2020,4,23,1,"f",11,148,1,1
2020,4,16,1,"f",7,145,1,0
2020,4,16,1,"m",22,158,NA,NA
2020,4,16,1,"m",13,135,NA,NA
2020,4,16,1,"m",10,117,NA,NA
2020,4,19,1,"f",2,115,NA,NA
2020,4,19,1,"f",10,151,0,0
2020,4,16,1,"f",2,125,0,0
2020,4,18,1,"f",13,138,1,0
2020,4,16,1,"f",3,123,1,1
2020,4,20,1,"m",0,82,NA,NA
2020,4,20,1,"m",22,142,NA,NA
2020,4,19,1,"f",9,125,1,1
2020,4,19,1,"f",11,115,1,1
2020,4,18,1,"f",19,130,1,1
2020,4,18,1,"m",0,81,NA,NA
2020,4,20,1,"m",20,143,NA,NA
2020,4,18,1,"m",7,116,NA,NA
2020,4,19,1,"f",15,126,1,1
2020,4,18,1,"f",12,137,1,1
2020,4,25,1,"f",0,70,NA,NA
2020,4,25,1,"f",18,140,1,1
2020,4,25,1,"f",0,70,NA,NA
2020,4,23,1,"m",16,150,NA,NA
2020,4,24,1,"f",0,85,NA,NA
2020,4,24,1,"f",0,80,NA,NA
2020,4,22,1,"m",0,80,NA,NA
2020,4,22,1,"m",18,140,NA,NA
2020,4,21,1,"m",13,154,NA,NA
2020,4,22,1,"m",18,140,NA,NA
2020,4,22,1,"f",19,118,1,1
2020,4,22,1,"m",0,80,NA,NA
2020,4,21,1,"f",20,141,1,1
2020,4,21,1,"f",11,138,1,1
2020,4,21,1,"m",15,128,NA,NA
2020,4,21,1,"f",13,129,1,1
2020,4,18,1,"f",0,85,NA,NA
2020,4,18,1,"f",15,136,1,1
2020,4,18,1,"f",11,135,1,1
2020,4,16,1,"f",0,74,NA,NA
2020,4,16,1,"f",16,142,1,1
2020,4,16,1,"m",0,78,NA,NA
2020,4,16,1,"f",19,130,0,1
2020,4,16,1,"m",24,150,NA,NA
2020,4,19,1,"m",0,NA,NA,NA
2020,4,19,1,"f",NA,NA,NA,NA
2020,4,19,1,"f",5,NA,NA,NA
2020,4,19,1,"m",20,NA,NA,NA
2020,4,16,1,"f",NA,123,NA,NA
2020,4,16,1,"f",NA,132,NA,NA
2020,4,19,1,"f",0,70,NA,NA
2020,4,19,1,"f",0,70,NA,NA
2020,4,19,1,"m",9,140,NA,NA
2020,4,19,1,"f",12,100,1,1
2020,4,19,1,"m",8,150,NA,NA
2020,4,19,1,"f",0,80,NA,NA
2020,4,19,1,"f",NA,110,1,NA
2020,4,19,1,"f",0,70,NA,NA
2020,4,19,1,"f",0,70,NA,NA
2020,4,19,1,"f",0,80,NA,NA
2020,4,19,1,"m",11,70,NA,NA
2020,4,22,1,"f",8,142,1,1
2020,4,19,1,"f",0,75,NA,NA
2020,4,19,1,"f",2,70,NA,NA
2020,4,19,1,"f",0,80,NA,NA
2020,4,19,1,"f",16,120,NA,NA
2020,4,19,1,"f",15,90,0,NA
2020,4,16,1,"f",0,59,NA,NA
2020,4,21,1,"f",13,100,0,NA
2020,4,21,1,"m",0,75,NA,NA
2020,4,21,1,"m",0,72,NA,NA
2020,4,21,1,"f",7,107,1,1
2020,4,22,1,"f",7,109,1,1
2020,4,NA,1,"f",12,172,1,1
2020,4,30,1,"m",13,163,NA,NA
2020,4,30,1,"m",16,158,NA,NA
2020,4,19,1,"f",12,120,0,NA
2020,4,28,1,"m",9,150,NA,NA
2020,4,16,1,"m",20,150,NA,NA
2020,4,29,1,"f",0,60,NA,NA
2020,4,29,1,"m",0,80,NA,NA
2020,4,29,1,"f",9,140,1,1
2020,4,27,1,"f",8,150,1,1
2020,4,16,1,"m",14,120,NA,NA
2020,4,16,1,"m",14,115,NA,NA
2020,4,16,1,"f",10,120,0,NA
2020,4,16,1,"m",15,130,NA,NA
2020,4,23,1,"m",0,87,NA,NA
2020,4,23,1,"f",0,93,NA,NA
2020,4,23,1,"f",12,135,1,1
2020,4,19,1,"m",15,133,NA,NA
2020,4,18,1,"f",0,85,NA,NA
2020,4,18,1,"f",0,68,NA,NA
2020,4,19,1,"m",16,129,NA,NA
2020,4,20,1,"m",18,147,NA,NA
2020,4,21,1,"f",0,70,NA,NA
2020,4,21,1,"f",26,130,0,0
2020,4,21,1,"m",10,115,NA,NA
2020,4,22,1,"m",0,80,NA,NA
2020,4,22,1,"f",0,70,NA,NA
2020,4,22,1,"m",0,50,NA,NA
2020,4,22,1,"m",23,135,NA,NA
2020,4,22,1,"f",9,130,1,1
2020,4,22,1,"f",9,125,1,1
2020,4,NA,1,"f",14,NA,1,1
2020,4,16,1,"m",21,NA,NA,NA
2020,4,16,1,"m",15,NA,NA,NA
2020,4,16,1,"m",8,NA,NA,NA
2020,4,18,1,"f",10,126,1,0
2020,4,20,1,"m",8,133,NA,NA
2020,4,20,1,"m",18,127,NA,NA
2020,4,20,1,"m",11,130,NA,NA
2020,4,19,1,"m",12,130,NA,NA
2020,4,22,1,"m",0,85,NA,NA
2020,4,24,2,"f",3,136,0,0
2020,4,24,2,"m",1,121,NA,NA
2020,4,22,2,"m",8,153,NA,NA
2020,4,24,2,"m",14,146,NA,NA
2020,4,24,2,"f",1,114,NA,NA
2020,4,24,2,"m",15,148,NA,NA
2020,4,16,1,"m",2,120,NA,NA
2020,4,NA,1,"f",1,90,NA,NA
2020,4,21,1,"f",10,140,1,1
2020,4,21,1,"m",19,155,NA,NA
2020,4,21,1,"f",8,138,1,1
2020,4,22,1,"m",9,129,NA,NA
2020,4,21,1,"f",9,126,0,0
2020,4,19,1,"m",0,64,NA,NA
2020,4,19,1,"f",0,75,NA,NA
2020,4,19,1,"m",0,88,NA,NA
2020,4,19,1,"f",7,149,NA,NA
2020,4,19,1,"f",0,69,NA,NA
2020,4,19,1,"f",13,117,1,1
2020,4,16,1,"f",0,70,NA,NA
2020,4,16,1,"m",0,75,NA,NA
2020,4,16,1,"f",0,110,NA,NA
2020,4,16,1,"f",17,120,1,0
2020,4,16,1,"f",12,110,NA,NA
2020,4,16,1,"m",10,120,NA,NA
2020,4,22,1,"m",0,70,NA,NA
2020,4,23,1,"f",11,144,1,1
2020,4,23,1,"m",0,81,NA,NA
2020,4,22,1,"f",15,130,1,1
2020,4,16,1,"f",8,129,1,1
2020,5,23,1,"f",3,101,NA,NA
2020,5,23,1,"f",3,91,0,NA
2020,5,31,2,"f",1,122,NA,NA
2020,5,17,1,"m",1,NA,NA,NA
2020,5,17,1,"f",9,NA,1,0
2020,5,17,1,"m",1,NA,NA,NA
2020,5,16,1,"f",1,NA,NA,NA
2020,5,24,1,"f",26,150,1,1
2020,5,17,1,"f",1,92,NA,NA
2020,5,13,1,"m",NA,130,NA,NA
2020,5,23,1,"f",10,NA,0,NA
2020,5,26,1,"f",4,NA,1,1
2020,6,9,2,"m",1,120,NA,NA
2020,12,29,2,"f",2,121,NA,NA
2021,4,19,1,"m",11,135,NA,NA
2021,4,17,1,"f",2,130,0,0
2021,4,16,1,"m",3,130,NA,NA
2021,4,28,1,"m",0,65,NA,NA
2021,4,16,1,"f",1,103,NA,NA
2021,4,16,1,"f",0,64,NA,NA
2021,4,28,1,"m",7,127,NA,NA
2021,4,30,1,"m",10,122,NA,NA
2021,4,29,1,"m",0,80,NA,NA
2021,4,28,1,"f",1,90,NA,NA
2021,4,16,1,"f",2,105,NA,NA
2021,4,28,1,"m",0,80,NA,NA
2021,4,16,1,"f",2,120,0,NA
2021,4,28,1,"f",18,125,0,NA
2021,4,28,1,"m",0,75,NA,NA
2021,4,27,1,"f",2,100,NA,NA
2021,4,27,1,"m",0,58,NA,NA
2021,4,28,1,"f",0,55,NA,NA
2021,4,27,1,"m",0,108,NA,NA
2021,4,27,1,"f",19,145,1,0
2021,4,28,1,"f",0,80,0,NA
2021,4,28,1,"m",0,70,NA,NA
2021,4,28,1,"m",1,105,NA,NA
2021,4,28,1,"f",0,98,NA,NA
2021,4,17,1,"f",0,85,NA,NA
2021,4,17,1,"f",0,82,NA,NA
2021,4,16,1,"m",16,140,NA,NA
2021,4,18,1,"m",0,70,NA,NA
2021,4,17,1,"m",0,38,NA,NA
2021,4,18,1,"f",0,63,NA,NA
2021,4,27,1,"f",0,100,NA,NA
2021,4,27,1,"m",12,155,NA,NA
2021,4,19,1,"f",13,140,1,1
2021,4,19,1,"f",3,130,0,0
2021,4,19,1,"f",18,160,0,NA
2021,4,27,1,"m",22,150,NA,NA
2021,4,29,1,"f",2,110,NA,NA
2021,4,27,1,"f",9,105,1,1
2021,4,27,1,"m",24,150,NA,NA
2021,4,27,1,"f",2,103,NA,NA
2021,4,16,1,"m",5,130,NA,NA
2021,4,17,1,"f",3,112,NA,NA
2021,4,19,1,"m",10,135,NA,NA
2021,4,17,1,"m",9,125,NA,NA
2021,4,16,1,"m",16,133,NA,NA
2021,4,16,1,"m",6,136,NA,NA
2021,4,19,1,"f",10,148,0,NA
2021,4,20,1,"m",3,112,NA,NA
2021,4,17,1,"m",19,150,NA,NA
2021,4,16,1,"m",3,120,NA,NA
2021,4,17,1,"f",6,130,1,1
2021,4,17,1,"f",25,155,0,NA
2021,4,17,1,"m",12,150,NA,NA
2021,4,29,1,"m",18,125,NA,NA
2021,4,20,1,"f",16,135,1,1
2021,4,28,1,"m",0,60,NA,NA
2021,4,30,1,"f",0,70,NA,NA
2021,4,16,1,"f",10,125,1,0
2021,4,30,1,"m",16,150,NA,NA
2021,4,30,1,"m",4,130,NA,NA
2021,4,17,1,"f",11,135,1,1
2021,4,16,1,"f",18,130,0,NA
2021,4,30,1,"m",24,140,NA,NA
2021,4,30,1,"m",16,150,NA,NA
2021,4,18,1,"f",1,NA,NA,NA
2021,5,13,1,"m",6,140,NA,NA
2021,5,13,1,"m",0,87,NA,NA
2021,5,13,1,"f",2,110,NA,NA
2021,5,13,1,"f",0,85,NA,NA
2021,5,13,1,"f",9,105,1,1
2021,5,13,1,"m",0,90,NA,NA
2021,5,13,1,"f",8,120,1,1
2021,5,8,1,"m",1,130,NA,NA
2021,5,8,1,NA,NA,80,NA,NA
2021,5,8,1,"m",NA,97,NA,NA
2021,5,12,1,"f",2,92,NA,NA
2021,5,8,1,"m",0,61,NA,NA
2021,5,8,1,"m",24,128,NA,NA
2021,5,4,1,"f",3,98,0,NA
2021,5,4,1,"m",2,100,NA,NA
2021,5,4,1,"m",21,132,NA,NA
2021,5,4,1,"f",1,99,NA,NA
2021,5,8,1,"m",18,140,NA,NA
2021,5,8,1,"m",1,81,NA,NA
2021,5,8,1,"f",9,100,1,1
2021,5,8,1,"f",2,118,NA,NA
2021,5,8,1,"f",NA,125,NA,NA
2021,5,17,1,"m",11,126,NA,NA
2021,5,18,1,"f",2,120,NA,NA
2021,5,19,1,"m",0,90,NA,NA
2021,5,17,1,"f",14,120,NA,NA
2021,5,18,1,"f",18,125,1,1
2021,5,2,1,"m",19,140,NA,NA
2021,5,8,1,"m",2,170,NA,NA
2021,5,1,1,"f",9,142,1,1
2021,5,17,1,"f",2,134,NA,NA
2021,5,2,1,"m",8,135,NA,NA
2021,5,1,1,"m",12,143,NA,NA
2021,5,2,1,"m",9,132,NA,NA
2021,5,2,1,"f",9,131,0,0
2021,5,22,1,"f",0,106,NA,NA
2021,5,22,1,"f",1,95,NA,NA
2021,5,8,1,"f",8,130,1,1
2021,5,8,1,"m",2,120,NA,NA
2021,5,8,1,"f",1,100,NA,NA
2021,5,8,1,"m",2,120,NA,NA
2021,5,7,1,"m",0,60,NA,NA
2021,5,18,1,"m",5,110,NA,NA
2021,5,2,1,"f",2,136,NA,NA
2021,5,2,1,"f",0,90,NA,NA
2021,5,2,1,"m",6,140,NA,NA
2021,5,2,1,"f",5,120,0,0
2021,5,31,1,"m",0,85,NA,NA
2021,5,21,1,"f",0,92,NA,NA
2021,5,13,1,"f",9,120,NA,0
2021,5,9,1,"f",0,80,NA,NA
2021,5,12,1,"f",12,120,0,0
2021,5,12,1,"m",1,135,NA,NA
2021,5,3,1,"m",20,151,NA,NA
2021,5,12,1,"m",26,135,NA,NA
2021,5,7,1,"m",0,58,NA,NA
2021,5,8,1,"m",9,145,NA,NA
2021,5,4,1,"m",0,80,NA,NA
2021,5,13,1,"m",17,145,NA,NA
2021,5,12,1,"f",11,125,1,1
2021,5,12,1,"m",22,152,NA,NA
2021,5,12,1,"f",7,125,0,0
2021,5,13,1,"m",12,145,NA,NA
2021,5,8,1,"m",0,70,NA,NA
2021,5,9,1,"m",2,120,NA,NA
2021,5,11,1,"f",1,90,NA,NA
2021,5,11,1,"m",3,90,NA,NA
2021,5,12,1,"f",8,107,0,0
2021,5,8,1,"m",22,125,NA,NA
2021,5,12,1,"m",2,80,NA,NA
2021,5,13,1,"f",3,95,0,0
2021,5,12,1,"f",14,100,1,1
2021,5,8,1,"f",0,101,NA,NA
2021,5,8,1,"f",0,70,NA,NA
2021,5,8,1,"m",0,70,NA,NA
2021,5,8,1,"f",0,80,NA,NA
2021,5,8,1,"f",4,119,0,0
2021,5,8,1,"f",15,150,1,1
2021,5,8,1,"m",3,117,NA,NA
2021,5,5,1,"m",2,102,NA,NA
2021,5,5,1,"m",12,122,NA,NA
2021,5,8,1,"m",0,70,NA,NA
2021,5,8,1,"f",10,160,0,0
2021,5,8,1,"m",24,138,NA,NA
2021,5,8,1,"f",20,156,1,NA
2021,5,8,1,"m",13,136,NA,NA
2021,5,8,1,"f",15,140,1,NA
2021,5,8,1,"f",12,162,0,NA
2021,5,8,1,"f",14,150,1,1
2021,5,8,1,"f",23,150,0,NA
2021,5,9,4,"f",0,81,NA,NA
2021,5,8,4,"m",0,105,NA,NA
2021,5,1,1,"m",20,121,NA,NA
2021,5,1,1,"m",18,150,NA,NA
2021,5,9,1,"m",9,NA,NA,NA
2021,5,13,1,"m",2,102,NA,NA
2021,5,13,1,"m",8,145,NA,NA
2021,5,14,1,"m",17,154,NA,NA
2021,12,30,4,"m",0,80,NA,NA
2022,4,24,1,"f",2,135,0,NA
2022,4,25,1,"f",1,105,0,NA
2022,4,25,1,"f",2,120,0,NA
2022,4,25,1,"m",20,155,NA,NA
2022,4,19,1,"f",9,130,1,1
2022,4,23,1,"m",0,70,NA,NA
2022,4,27,1,"f",NA,140,NA,NA
2022,4,21,1,"f",1,100,0,0
2022,4,23,1,"m",26,130,NA,NA
2022,4,27,1,"f",1,90,0,0
2022,4,23,1,"f",15,155,0,0
2022,4,23,1,"f",14,155,0,0
2022,4,16,1,"f",5,120,0,0
2022,4,17,1,"f",8,155,1,1
2022,4,16,1,"f",10,140,0,0
2022,4,23,1,"m",16,165,NA,NA
2022,4,16,1,"f",12,148,0,0
2022,4,16,1,"f",16,165,1,0
2022,4,17,1,"m",NA,135,NA,NA
2022,4,18,1,"m",NA,100,NA,NA
2022,4,17,1,"m",NA,90,NA,NA
2022,4,17,1,"m",NA,100,NA,NA
2022,4,18,1,"m",NA,100,NA,NA
2022,4,18,1,"m",NA,110,NA,NA
2022,4,17,1,"m",NA,100,NA,NA
2022,4,17,1,"m",NA,100,NA,NA
2022,4,18,1,"f",0,100,NA,NA
2022,4,18,1,"f",26,110,NA,NA
2022,4,18,1,"f",12,95,NA,NA
2022,4,17,1,"m",NA,100,NA,NA
2022,4,17,1,"m",NA,110,NA,NA
2022,4,18,1,"m",NA,123,NA,NA
2022,5,23,1,"m",NA,150,NA,NA
2022,5,25,1,"f",0,98,0,NA
2022,5,26,1,"m",0,90,NA,NA
2022,5,25,1,"f",0,90,0,NA
2022,5,15,1,"f",7,120,1,NA
2022,5,15,1,"f",11,130,1,1
2022,5,17,1,"f",10,125,0,0
2022,5,17,1,"m",0,95,NA,NA
2022,5,17,1,"f",6,130,1,NA
2022,5,17,1,"f",7,130,1,1
2022,5,17,1,"f",8,120,1,0
2022,5,16,1,"m",10,135,NA,NA
2022,5,16,1,"f",0,80,0,NA
2022,5,16,1,"m",8,137,NA,NA
2022,5,16,1,"f",8,130,0,0
2022,5,10,1,"f",7,125,1,1
2022,5,13,1,"m",0,78,NA,NA
2022,5,13,1,"f",0,110,0,0
2022,5,4,1,"f",0,86,0,0
2022,5,13,1,"m",18,142,NA,NA
2022,5,4,1,"f",9,130,1,1
2022,5,14,1,"f",0,84,0,NA
2022,5,4,1,"m",2,113,NA,NA
2022,5,20,1,"m",2,108,NA,NA
2022,5,19,1,"f",0,60,0,0
2022,5,13,1,"m",NA,140,NA,NA
2022,5,13,1,"m",1,110,NA,NA
2022,5,12,1,"m",NA,120,NA,NA
2022,5,13,1,"f",5,120,0,0
2022,5,13,1,"m",NA,148,NA,NA
2022,5,12,1,"f",2,110,0,0
2022,5,12,1,"f",2,110,0,0
2022,5,12,1,"f",14,130,1,1
2022,5,13,1,"f",11,120,0,0
2022,5,25,1,"f",5,90,1,1
2022,5,25,1,"m",NA,108,NA,NA
2022,5,18,1,"f",2,104,0,0
2022,5,25,1,"f",9,90,1,1
2022,5,24,1,"f",8,100,1,1
2022,5,25,1,"m",1,100,NA,NA
2022,5,30,1,"m",0,60,NA,NA
2022,5,24,1,"f",2,100,0,0
2022,5,25,1,"f",10,100,1,1
2022,5,24,1,"f",2,100,0,0
2022,5,24,1,"f",1,70,0,0
2022,5,8,1,"f",2,106,0,0
2022,5,14,1,"f",1,91,0,0
2022,5,25,1,"m",NA,150,NA,NA
2022,5,8,1,"m",NA,110,NA,NA
2022,5,25,1,"m",NA,90,NA,NA
2022,5,21,1,"f",0,84,0,0
2022,5,21,1,"m",NA,161,NA,NA
2022,5,21,1,"m",NA,90,NA,NA
2022,5,19,1,"m",0,70,NA,NA
2022,5,20,1,"f",11,130,1,1
2022,5,19,1,"m",NA,150,NA,NA
2022,5,20,1,"f",8,120,0,0
2022,5,23,1,"f",8,100,1,1
2022,5,19,1,"m",16,120,NA,NA
2022,5,19,1,"f",6,110,1,1
2022,5,19,1,"f",11,140,1,1
2022,5,20,1,"f",10,120,1,1
2022,5,20,1,"f",11,134,1,1
2022,5,19,1,"m",1,110,NA,NA
2022,5,19,1,"m",NA,147,NA,NA
2022,5,20,1,"f",1,105,NA,NA
2022,5,19,1,"f",12,145,1,1
2022,5,20,1,"f",5,105,1,0
2022,5,20,1,"f",3,132,0,0
2022,5,19,1,"f",8,155,0,0
2022,5,20,1,"m",1,93,NA,NA
2022,5,20,1,"f",9,149,1,0
2022,5,20,1,"m",NA,120,NA,NA
2022,5,20,1,"f",7,123,0,0
2022,5,20,1,"m",NA,132,NA,NA
2022,5,20,1,"m",NA,145,NA,NA
2022,5,21,1,"f",13,150,0,0
2022,5,21,1,"f",7,140,1,0
2022,5,19,1,"f",0,75,NA,NA
2022,5,21,1,"f",10,128,1,1
2022,5,21,1,"m",3,125,NA,NA
2022,5,21,1,"f",11,130,1,1
2022,5,20,1,"f",16,130,0,0
2022,5,25,1,"m",1,85,NA,NA
2022,5,21,1,"f",2,139,0,0
2022,5,21,1,"f",1,110,0,0
2022,5,21,1,"f",14,131,1,1
2022,5,21,1,"f",NA,NA,0,0
2022,5,21,1,"m",NA,NA,NA,NA
2022,5,21,1,"m",NA,NA,NA,NA
2022,5,20,1,"m",NA,NA,NA,NA
2022,5,20,1,"m",NA,NA,NA,NA
2022,5,20,1,"m",NA,NA,NA,NA
2022,5,20,1,"m",NA,NA,NA,NA
2022,5,24,1,"m",NA,110,NA,NA
2022,5,21,1,"m",NA,105,NA,NA
2022,5,21,1,"f",8,100,NA,NA
2022,5,21,1,"f",4,100,NA,NA
2022,5,21,1,"m",NA,100,NA,NA
2022,6,1,1,"m",0,70,NA,NA
2022,6,3,1,"m",0,70,NA,NA
2022,6,3,1,"m",0,70,NA,NA
2022,6,30,5,"m",0,NA,NA,NA
2022,10,30,4,"m",0,100,NA,NA
2022,10,30,4,"m",NA,100,NA,NA
2022,10,30,4,"m",0,100,NA,NA
2022,12,22,4,"m",0,100,NA,NA
2022,12,22,4,"m",0,100,NA,NA
2023,5,11,1,"f",NA,101,NA,NA
2023,5,11,1,"m",NA,55,NA,NA
2023,4,16,1,"m",NA,NA,NA,NA
2023,5,15,1,"m",NA,65,NA,NA
2023,5,15,1,"f",NA,90,NA,NA
2023,5,15,1,"m",NA,100,NA,NA
2023,5,8,1,"f",NA,130,NA,NA
2023,5,8,1,"m",NA,70,NA,NA
2023,5,8,1,"f",NA,70,NA,NA
2023,5,5,1,"m",NA,140,NA,NA
2023,5,7,1,"f",NA,120,NA,NA
2023,5,17,1,"f",NA,100,NA,NA
2023,5,15,1,"m",NA,130,NA,NA
2023,5,5,1,"m",NA,80,NA,NA
2023,5,5,1,"m",NA,120,NA,NA
2023,5,5,1,"m",NA,70,NA,NA
2023,5,5,1,"m",NA,120,NA,NA
2023,4,17,1,"f",NA,100,NA,NA
2023,4,21,1,"m",NA,120,NA,NA
2023,4,17,1,"f",NA,100,NA,NA
2023,4,17,1,"m",NA,125,NA,NA
2023,4,19,1,"f",NA,120,NA,NA
2023,4,19,1,"m",NA,130,NA,NA
2023,4,19,1,"f",NA,120,NA,NA
