accnr,year,month,date,source,sex,age,body_length,gravid,CA,placental_scar
A2003/05134,2003,10,NA,bycaught,m,0,103,NA,NA,NA
A2014/05193,2013,4,2013-04-22,hunted,m,11,NA,NA,NA,NA
A2004/05018,2003,12,NA,bycaught,f,0,98,FALSE,FALSE,FALSE
A2004/05265,2004,7,2004-07-09,bycaught,f,0,96,NA,NA,NA
A2004/05292,2003,8,2003-08-22,hunted,m,0,98,NA,NA,NA
A2005/05093,2004,12,2004-12-22,bycaught,f,0,93,FALSE,FALSE,FALSE
A2005/05270,2005,NA,NA,bycaught,m,0,100,NA,NA,NA
A2006/05390,2006,NA,2006-10-11,bycaught,f,0,94.5,NA,NA,NA
A2006/05406,2006,NA,2006-10-25,bycaught,m,0,102.5,NA,NA,NA
A2007/05299,2007,9,2007-09-20,bycaught,f,9,123.5,FALSE,FALSE,NA
A2006/05441,2006,NA,2006-12-13,bycaught,m,NA,109,NA,NA,NA
A2011/05435,2011,9,2011-09-26,bycaught,m,4,116.5,NA,NA,NA
A2007/05209,2007,NA,NA,bycaught,f,0,81,NA,NA,NA
A2007/05223,2007,6,2007-06-26,NA,m,48,134,NA,NA,NA
A2012/05721,2012,9,2012-09-09,bycaught,m,3,110.5,NA,NA,NA
A2007/05255,2007,8,2007-08-20,bycaught,m,0,100.5,NA,NA,NA
A2015/05647,2015,10,2015-10-09,NA,f,2,116,FALSE,FALSE,FALSE
A2015/05648,2015,10,2015-10-10,NA,m,1,111,NA,NA,NA
A2015/05649,2015,8,2015-08-13,hunted,f,6,121,TRUE,TRUE,NA
A2015/05650,2015,6,2015-06-22,hunted,f,8,134,FALSE,TRUE,TRUE
A2015/05653,2015,6,2015-06-22,hunted,f,2,114.5,FALSE,FALSE,FALSE
A2015/05656,2015,9,2015-09-20,hunted,f,3,121,FALSE,FALSE,FALSE
A2016/05296,2015,8,2015-08-28,bycaught,f,1,106.5,FALSE,FALSE,FALSE
A2017/05706,2016,12,2016-12-20,hunted,m,17,110,NA,NA,NA
A2018/05271,2015,6,2015-06-08,hunted,m,1,95,NA,NA,NA
A2018/05585,2015,5,2015-05-25,hunted,f,3,113.5,FALSE,FALSE,FALSE
A2018/05586,2015,6,2015-06-09,hunted,m,5,123,NA,NA,NA
A2018/05688,2015,5,2015-05-25,hunted,f,2,74,NA,FALSE,FALSE
A2018/05689,2015,5,2015-05-25,hunted,f,4,109,NA,TRUE,NA
A2018/05701,2015,6,2015-06-08,hunted,m,1,100,NA,NA,NA
A2020/05555,2019,5,2019-05-14,hunted,f,3,120,NA,NA,NA
A2008/05113,2007,5,2007-05-11,bycaught,m,0,78,NA,NA,NA
A2008/05189,2008,5,2008-05-13,bycaught,f,0,76.5,FALSE,FALSE,FALSE
A2008/05192,2008,5,2008-05-25,bycaught,m,0,85.5,NA,NA,NA
A2008/05197,2008,6,2008-06-04,bycaught,m,0,90.5,NA,NA,NA
A2008/05198,2008,5,NA,bycaught,f,0,71.5,FALSE,FALSE,FALSE
A2008/05199,2008,5,NA,bycaught,m,0,71.5,NA,NA,NA
A2008/05219,2008,6,2008-06-30,bycaught,m,0,87,NA,NA,NA
A2008/05297,2008,5,2008-05-28,hunted,m,0,100,NA,NA,NA
A2008/05326,2008,5,2008-05-28,hunted,m,0,88.5,NA,NA,NA
A2008/05394,2008,5,2008-05-20,bycaught,f,0,76.5,NA,FALSE,FALSE
A2008/05395,2008,6,2008-06-02,bycaught,m,0,81,NA,NA,NA
A2008/05403,2008,5,2008-05-15,bycaught,m,0,77,NA,NA,NA
A2008/05404,2008,5,2008-05-25,bycaught,m,0,84.5,NA,NA,NA
A2007/05297,2007,9,2007-09-18,NA,f,4,130.5,TRUE,FALSE,NA
A2008/05191,2008,1,2008-01-01,hunted,m,3,133,NA,NA,NA
A2008/05429,2008,8,2008-08-02,bycaught,f,0,98.5,FALSE,FALSE,FALSE
A2008/05193,2008,1,2008-01-01,hunted,m,7,132.5,NA,NA,NA
A2008/05298,2008,6,2008-06-03,hunted,f,1,105,FALSE,FALSE,FALSE
A2008/05299,2008,5,2008-05-23,hunted,m,12,126.5,NA,NA,NA
A2008/05300,2008,5,2008-05-16,hunted,f,1,111,FALSE,FALSE,FALSE
A2008/05305,2008,6,2008-06-01,hunted,f,4,117,FALSE,NA,NA
A2008/05312,2008,5,2008-05-22,hunted,f,12,121.5,FALSE,TRUE,TRUE
A2008/05323,2008,5,2008-05-23,hunted,m,7,119,NA,NA,NA
A2008/05325,2008,6,2008-06-05,hunted,f,1,110,FALSE,FALSE,FALSE
A2008/05327,2008,5,2008-05-30,hunted,m,20,139,NA,NA,NA
A2008/05328,2008,6,2008-06-05,hunted,m,7,132.5,NA,NA,NA
A2008/05330,2008,5,2008-05-28,hunted,f,13,126.5,FALSE,TRUE,TRUE
A2008/05333,2008,6,2008-06-07,hunted,f,1,100,FALSE,FALSE,FALSE
A2008/05334,2008,6,2008-06-03,hunted,m,1,96,NA,NA,NA
A2008/05336,2008,5,2008-05-29,hunted,f,5,131,FALSE,TRUE,TRUE
A2008/05347,2008,5,2008-05-29,hunted,f,7,131,FALSE,TRUE,TRUE
A2008/05355,2008,5,2008-05-28,hunted,m,3,128,NA,NA,NA
A2008/05376,2008,5,2008-05-28,hunted,f,2,120.5,FALSE,FALSE,FALSE
A2009/05053,2008,10,2008-10-01,hunted,f,0,92,FALSE,FALSE,FALSE
A2008/05377,2008,5,2008-05-30,hunted,m,14,147.5,NA,NA,NA
A2008/05424,2008,5,2008-05-28,hunted,f,6,127,FALSE,TRUE,TRUE
A2009/05003,2008,5,2008-05-22,hunted,f,1,104.5,FALSE,FALSE,FALSE
A2009/05004,2008,5,2008-05-30,hunted,m,1,104,NA,NA,NA
A2009/05009,2008,5,2008-05-28,hunted,m,2,108.5,NA,NA,NA
A2009/05017,2008,5,2008-05-28,hunted,f,3,105,FALSE,FALSE,FALSE
A2009/05023,2008,6,2008-06-07,hunted,f,1,106.5,FALSE,FALSE,FALSE
A2009/05026,2008,6,2008-06-04,hunted,f,1,108,FALSE,FALSE,FALSE
A2009/05046,2008,6,2008-06-22,hunted,m,1,108.5,NA,NA,NA
A2009/05052,2008,6,2008-06-16,hunted,m,3,113,NA,NA,NA
A2010/05071,2009,6,NA,bycaught,m,0,86,NA,NA,NA
A2010/05075,2009,9,2009-09-22,bycaught,m,0,91.5,NA,NA,NA
A2011/05455,2011,10,2011-10-10,bycaught,f,8,140.5,TRUE,TRUE,NA
A2011/05538,2011,10,2011-10-18,bycaught,f,2,117,FALSE,FALSE,FALSE
A2012/05061,2011,12,2011-12-02,NA,f,17,125,FALSE,NA,NA
A2012/05062,2011,12,2011-12-02,NA,m,3,142,NA,NA,NA
A2012/05912,2012,.5-6,NA,bycaught,f,1,99.6,FALSE,FALSE,FALSE
A2013/05156,2012,5,2012-05-25,bycaught,f,1,105,NA,NA,NA
A2010/05261,2009,4,2009-04-24,bycaught,f,0,82,FALSE,FALSE,FALSE
A2013/05510,2012,11,2012-11-05,hunted,f,7,122,TRUE,FALSE,NA
A2013/05565,2012,10,2012-10-20,bycaught,f,2,109,NA,FALSE,FALSE
A2014/05105,2016,NA,NA,NA,m,23,137,NA,NA,NA
A2010/05393,2010,8,2010-08-17,bycaught,m,0,97.5,NA,NA,NA
A2014/05212,2012,10,2012-10-26,hunted,f,12,124,TRUE,TRUE,NA
A2010/05445,2010,9,2010-09-02,bycaught,f,0,101.5,FALSE,FALSE,FALSE
A2014/05227,2012,11,NA,hunted,m,1,117,NA,NA,NA
A2014/05228,2012,11,NA,hunted,m,2,108.5,NA,NA,NA
A2010/05476,2010,10,2010-10-18,bycaught,f,0,103,FALSE,FALSE,FALSE
A2010/05477,2010,10,2010-10-19,bycaught,f,0,98,FALSE,FALSE,FALSE
A2014/05650,2014,11,2014-11-03,hunted,f,23,125,NA,TRUE,NA
A2014/05652,2014,11,2014-11-03,hunted,m,4,125,NA,NA,NA
A2014/05703,2013,11,2013-11-02,hunted,m,12,132.5,NA,NA,NA
A2015/05320,2014,10,2014-10-17,bycaught,m,1,110,NA,NA,NA
A2015/05559,2015,6,2015-06-22,hunted,f,1,106.5,FALSE,FALSE,FALSE
A2015/05590,2015,6,2015-05-06,bycaught,m,1,100.5,NA,NA,NA
A2015/05625,2015,NA,NA,hunted,m,24,126.5,NA,NA,NA
A2016/05056,2015,12,2015-12-09,hunted,m,17,150,NA,NA,NA
A2016/05126,2015,6,2015-06-25,bycaught,f,20,132,FALSE,TRUE,TRUE
A2017/05580,2015,8,2015-08-16,hunted,f,2,96,NA,FALSE,FALSE
A2017/05634,2015,9,2015-09-10,hunted,m,3,140,NA,NA,NA
A2017/05705,2016,5,2016-05-04,hunted,m,2,122,NA,NA,NA
A2017/05707,2016,5,2016-05-08,hunted,m,1,117,NA,NA,NA
A2017/05708,2016,5,2016-05-08,hunted,m,17,135,NA,NA,NA
A2017/05709,2016,5,2016-05-08,hunted,m,17,128,NA,NA,NA
A2017/05710,2016,5,2016-05-09,hunted,m,8,129,NA,NA,NA
A2017/05711,2016,5,2016-05-09,hunted,m,13,140,NA,NA,NA
A2017/05712,2016,6,2016-06-02,hunted,m,12,142,NA,NA,NA
A2017/05714,2016,5,2016-05-20,hunted,f,9,116,FALSE,NA,NA
A2017/05715,2016,5,2016-05-24,hunted,f,21,122,FALSE,TRUE,NA
A2017/05716,2016,5,NA,hunted,m,6,120,NA,NA,NA
A2017/05717,2016,5,2016-05-07,hunted,f,13,102,FALSE,NA,NA
A2017/05718,2016,5,2016-05-11,hunted,m,10,160,NA,NA,NA
A2017/05720,2015,9,2015-09-07,hunted,f,11,117,NA,TRUE,TRUE
A2017/05787,2016,5,2016-05-07,hunted,m,21,130,NA,NA,NA
A2017/05813,2015,6,2015-06-09,hunted,m,3,140,NA,NA,NA
A2017/05814,2015,10,2015-10-11,hunted,m,9,135,NA,NA,NA
A2017/05816,2017,5,2017-05-06,hunted,m,18,135,NA,NA,NA
A2017/05818,2018,6,2018-06-01,hunted,f,17,132,NA,TRUE,NA
A2017/05819,2018,6,2018-06-09,hunted,f,5,138,FALSE,TRUE,NA
A2017/05820,2018,6,2018-06-09,hunted,f,1,117,NA,FALSE,FALSE
A2017/05821,2018,6,2018-06-09,hunted,f,1,111,NA,FALSE,FALSE
A2017/05822,2016,10,2016-10-23,hunted,m,9,140,NA,NA,NA
A2017/05823,2016,10,2016-10-23,hunted,m,1,110,NA,NA,NA
A2018/05084,2015,6,2015-06-20,hunted,f,11,121,NA,NA,TRUE
A2011/05284,2010,7,2010-07-10,bycaught,m,0,85.5,NA,NA,NA
A2018/05093,2015,6,2015-06-20,hunted,f,13,119,NA,NA,TRUE
A2018/05094,2015,12,2015-12-13,hunted,m,19,134,NA,NA,NA
A2018/05095,2015,12,2015-12-13,hunted,m,5,139,NA,NA,NA
A2018/05098,2015,12,2015-12-28,hunted,m,4,123,NA,NA,NA
A2018/05103,2015,12,2015-12-06,hunted,m,20,127,NA,NA,NA
A2018/05104,2017,10,2017-10-06,hunted,f,17,136,FALSE,NA,NA
A2018/05118,2015,11,NA,hunted,f,10,139,TRUE,NA,NA
A2018/05141,2015,12,2015-12-12,hunted,m,4,117,NA,NA,NA
A2018/05143,2015,NA,NA,hunted,f,11,136,FALSE,TRUE,TRUE
A2018/05145,2015,12,2015-12-27,hunted,m,3,125,NA,NA,NA
A2018/05146,2015,12,2015-12-27,hunted,m,15,141,NA,NA,NA
A2018/05147,2015,12,2015-12-06,hunted,m,1,97,NA,NA,NA
A2018/05154,2017,10,2017-10-01,hunted,m,6,128,NA,NA,NA
A2018/05172,2016,10,2016-10-12,hunted,m,17,122,NA,NA,NA
A2018/05187,2015,12,2015-12-27,hunted,m,6,111.5,NA,NA,NA
A2018/05188,2015,12,2015-12-27,hunted,m,2,108,NA,NA,NA
A2018/05189,2016,10,2016-10-12,hunted,f,3,117,FALSE,FALSE,FALSE
A2018/05190,2013,11,2013-11-01,hunted,f,3,121,TRUE,FALSE,FALSE
A2018/05279,2017,8,2017-08-29,hunted,m,NA,139,NA,NA,NA
A2018/05280,2017,8,2017-08-01,hunted,f,9,128,TRUE,TRUE,NA
A2018/05281,2017,10,2017-10-29,hunted,f,11,152,TRUE,NA,NA
A2018/05289,2017,10,2017-10-01,hunted,m,5,129,NA,NA,NA
A2018/05290,2017,10,2017-10-05,hunted,f,17,134,TRUE,NA,NA
A2018/05293,2017,5,2017-05-21,hunted,f,2,NA,FALSE,FALSE,FALSE
A2018/05294,2017,10,2017-10-06,hunted,f,12,131,TRUE,NA,TRUE
A2018/05295,2017,8,2017-08-21,hunted,f,NA,133.5,TRUE,NA,NA
A2018/05296,2017,10,2017-10-06,hunted,m,23,137,NA,NA,NA
A2018/05297,2017,8,2017-08-21,hunted,m,8,138.5,NA,NA,NA
A2018/05302,2016,8,2016-08-01,hunted,f,NA,140,TRUE,NA,NA
A2018/05314,2016,8,2016-08-01,hunted,m,16,131.5,NA,NA,NA
A2018/05315,2015,12,2015-12-28,hunted,m,2,110.5,NA,NA,NA
A2018/05316,2015,12,2015-12-28,hunted,m,3,107,NA,NA,NA
A2018/05317,2018,6,2018-06-13,hunted,m,5,130,NA,NA,NA
A2018/05318,2018,6,2018-06-14,hunted,m,1,105,NA,NA,NA
A2018/05320,2018,6,2018-06-12,hunted,f,3,120,NA,NA,FALSE
A2018/05321,2019,6,2019-06-05,hunted,m,9,134,NA,NA,NA
A2018/05481,2016,5,2016-05-09,hunted,f,12,140,NA,NA,NA
A2018/05482,2017,5,2016-05-09,hunted,m,1,102,NA,NA,NA
A2018/05483,2017,10,2017-10-08,hunted,f,18,138,TRUE,TRUE,NA
A2018/05484,2017,9,2017-09-25,hunted,m,10,126.5,NA,NA,NA
A2018/05485,2017,9,2017-09-24,hunted,m,5,149,NA,NA,NA
A2018/05486,2017,10,2017-10-19,hunted,f,14,138,TRUE,TRUE,NA
A2018/05488,2017,11,2017-11-05,hunted,f,7,124,TRUE,TRUE,NA
A2018/05489,2017,10,2017-10-22,hunted,f,11,136.5,FALSE,NA,NA
A2018/05490,2016,8,2016-08-30,hunted,m,10,131,NA,NA,NA
A2018/05578,2016,8,2016-08-29,hunted,m,7,130,NA,NA,NA
A2018/05581,2016,8,2016-08-14,hunted,f,8,134,TRUE,FALSE,NA
A2018/05587,2018,5,2018-05-18,hunted,f,3,110,NA,FALSE,FALSE
A2018/05676,2018,5,2018-05-23,hunted,NA,1,100,NA,NA,NA
A2018/05677,2018,5,2018-05-19,hunted,m,5,136,NA,NA,NA
A2018/05679,2018,5,2018-05-19,hunted,m,20,127,NA,NA,NA
A2018/05681,2018,5,2018-05-23,hunted,f,2,100,NA,FALSE,FALSE
A2018/05682,2018,5,2018-05-23,hunted,f,1,101,NA,FALSE,FALSE
A2018/05683,2018,5,2018-05-19,hunted,NA,11,120,NA,NA,NA
A2018/05685,2018,NA,NA,hunted,f,3,115,NA,NA,NA
A2018/05686,2018,5,2018-05-18,hunted,f,7,140,NA,NA,NA
A2018/05687,2018,NA,NA,hunted,f,8,114,NA,TRUE,NA
A2018/05690,2017,5,2017-05-03,hunted,NA,17,135,NA,NA,NA
A2018/05691,2017,5,2017-05-03,hunted,m,13,150,NA,NA,NA
A2018/05692,2017,5,2017-05-03,hunted,m,10,145,NA,NA,NA
A2018/05693,2017,5,2017-05-03,hunted,f,10,130,NA,NA,NA
A2018/05694,2018,10,2018-10-18,hunted,m,22,144,NA,NA,NA
A2019/05385,2019,6,2019-06-06,hunted,m,22,143.5,NA,NA,NA
A2019/05387,2019,6,2019-06-06,hunted,f,9,130,NA,FALSE,FALSE
A2019/05388,2019,6,2019-06-05,hunted,f,2,111,FALSE,FALSE,FALSE
A2019/05389,2019,6,NA,hunted,f,3,109.5,FALSE,FALSE,FALSE
A2019/05391,2019,6,NA,hunted,f,8,122,NA,TRUE,TRUE
A2011/05466,2011,10,2011-10-05,stranded,m,0,100,NA,NA,NA
A2019/05649,2018,10,2018-10-20,hunted,m,15,151,NA,NA,NA
A2019/05650,2018,10,2018-10-20,hunted,f,10,134,TRUE,NA,NA
A2019/05651,2018,10,2018-10-20,hunted,m,14,138.5,NA,NA,NA
A2019/05653,2018,10,2018-10-20,hunted,m,7,139.5,NA,NA,NA
A2019/05654,2018,10,2018-10-20,hunted,f,7,142,TRUE,TRUE,NA
A2019/05656,2018,11,2018-11-14,hunted,m,17,150,NA,NA,NA
A2019/05657,2018,10,2018-10-04,hunted,f,5,123,TRUE,TRUE,NA
A2019/05658,2018,10,2018-10-04,hunted,m,9,133,NA,NA,NA
A2020/05042,2018,10,2018-10-04,hunted,f,7,135.5,TRUE,FALSE,NA
A2020/05119,2019,9,2019-09-08,hunted,f,9,134.5,FALSE,TRUE,NA
A2020/05389,2019,9,2019-09-09,hunted,m,12,118,NA,NA,NA
A2020/05390,2018,11,2018-11-04,hunted,m,13,132.5,NA,NA,NA
A2020/05393,2019,9,2019-09-07,hunted,m,13,130,NA,NA,NA
A2020/05437,2018,11,2018-11-03,hunted,f,5,115,TRUE,FALSE,NA
A2020/05458,2018,10,2018-10-24,hunted,m,5,124,NA,NA,NA
A2020/05459,2018,10,2018-10-09,hunted,f,4,114,TRUE,FALSE,FALSE
A2020/05461,2019,8,2019-08-26,hunted,m,7,129.5,NA,NA,NA
A2020/05462,2018,10,2018-10-09,hunted,m,5,112.5,NA,NA,NA
A2020/05505,2019,6,2019-06-12,hunted,f,7,130,NA,FALSE,FALSE
A2020/05507,2019,6,2019-06-02,hunted,f,12,130,NA,TRUE,FALSE
A2020/05508,2019,6,2019-06-12,hunted,m,16,135,NA,NA,NA
A2020/05509,2019,6,2019-06-12,hunted,f,2,100,NA,FALSE,FALSE
A2020/05510,2019,6,2019-06-02,hunted,f,8,120,NA,NA,FALSE
A2020/05511,2019,6,2019-06-12,hunted,f,14,140,NA,TRUE,TRUE
A2020/05512,2019,6,2019-05-26,hunted,m,9,125,NA,NA,NA
A2020/05832,2018,11,2018-11-14,hunted,f,7,122,FALSE,FALSE,TRUE
A2020/05840,2018,11,2018-11-14,hunted,m,2,128,NA,NA,NA
A2021/05025,2019,6,2019-06-02,hunted,m,2,130,NA,NA,NA
A2021/05217,2020,10,2020-10-12,hunted,m,9,134,NA,NA,NA
A2021/05218,2020,9,2020-09-01,hunted,f,23,123,FALSE,TRUE,FALSE
A2021/05220,2020,9,2020-09-01,hunted,f,10,140,TRUE,FALSE,FALSE
A2021/05221,2020,9,2020-09-01,hunted,f,17,132,TRUE,FALSE,FALSE
A2021/05222,2020,9,2020-09-01,hunted,m,17,153,NA,NA,NA
A2021/05223,2020,9,2020-09-01,hunted,f,15,136,TRUE,TRUE,FALSE
A2021/05224,2020,10,2020-10-02,hunted,m,17,146,NA,NA,NA
A2021/05225,2020,10,2020-10-16,hunted,m,7,143,NA,NA,NA
A2021/05228,2020,10,2020-10-02,hunted,m,18,138,NA,NA,NA
A2021/05229,2020,10,2020-10-16,hunted,m,8,145,NA,NA,NA
A2021/05230,2020,9,2020-09-07,hunted,f,13,139,TRUE,TRUE,FALSE
A2021/05231,2020,9,2020-09-15,hunted,m,18,153,NA,NA,NA
A2021/05236,2020,10,2020-10-12,hunted,m,6,132,NA,NA,NA
A2021/05237,2020,10,2020-10-16,hunted,f,9,149,TRUE,FALSE,FALSE
A2021/05238,2020,10,2020-10-16,hunted,m,14,148,NA,NA,NA
A2021/05240,2020,10,2020-10-01,hunted,m,11,140,NA,NA,NA
A2021/05241,2020,9,2020-09-15,hunted,f,10,151,TRUE,TRUE,FALSE
A2021/05242,2020,9,2020-09-24,hunted,f,3,116,NA,FALSE,FALSE
A2021/05243,2020,9,2020-09-01,hunted,f,8,126,TRUE,FALSE,FALSE
A2021/05244,2020,9,2020-09-14,hunted,f,13,133,TRUE,FALSE,FALSE
A2021/05245,2020,10,2020-10-14,hunted,f,14,112,FALSE,FALSE,FALSE
A2021/05248,2020,10,2020-10-16,hunted,m,13,151,NA,NA,NA
A2021/05250,2020,10,2020-10-03,hunted,f,10,127,TRUE,FALSE,FALSE
A2021/05251,2020,10,2020-10-16,hunted,f,7,130,TRUE,FALSE,FALSE
A2021/05253,2020,9,2020-09-01,hunted,m,10,135,NA,NA,NA
A2021/05254,2020,10,2020-10-16,hunted,m,1,117,NA,NA,NA
A2021/05255,2020,9,2020-09-14,hunted,f,21,130,FALSE,FALSE,FALSE
A2021/05257,2020,9,2020-09-30,hunted,f,13,130,FALSE,FALSE,FALSE
A2021/05258,2020,5,2020-05-15,hunted,f,11,115,NA,TRUE,NA
A2021/05259,2020,5,2020-05-15,hunted,f,5,110,NA,FALSE,FALSE
A2021/05260,2020,5,2020-05-15,hunted,f,9,110,NA,FALSE,TRUE
A2021/05270,2020,10,2020-10-16,hunted,m,14,145,NA,NA,NA
A2021/05271,2020,9,2020-09-07,hunted,f,10,129,TRUE,FALSE,FALSE
A2021/05272,2020,10,2020-10-12,hunted,m,9,125,NA,NA,NA
A2021/05273,2020,9,2020-09-01,hunted,f,8,133,TRUE,TRUE,FALSE
A2021/05275,2020,9,2020-09-24,hunted,m,11,138,NA,NA,NA
A2021/05277,2019,9,2019-09-14,hunted,m,16,133.5,NA,NA,NA
A2021/05278,2019,10,2019-10-04,hunted,f,6,134.5,TRUE,TRUE,FALSE
A2021/05282,2020,5,2020-05-14,hunted,f,1,105,NA,FALSE,FALSE
A2021/05283,2020,5,2020-05-14,hunted,f,7,110,NA,TRUE,FALSE
A2021/05284,2020,5,2020-05-12,hunted,f,1,104,NA,FALSE,FALSE
A2021/05285,2020,5,2020-05-25,hunted,f,7,125,NA,TRUE,FALSE
A2021/05286,2020,5,2020-05-12,hunted,f,3,115,NA,FALSE,FALSE
A2021/05288,2020,5,2020-05-26,hunted,f,10,125,NA,FALSE,FALSE
A2021/05289,2020,5,2020-05-17,hunted,f,15,140,NA,FALSE,FALSE
A2021/05292,2020,5,2020-05-18,hunted,f,4,120,NA,TRUE,FALSE
A2021/05293,2020,5,2020-05-18,hunted,f,17,140,NA,FALSE,FALSE
A2021/05294,2020,5,2020-05-17,hunted,f,6,122,NA,TRUE,FALSE
A2021/05296,2020,5,2020-05-20,hunted,f,10,135,NA,FALSE,FALSE
A2021/05297,2020,5,2020-05-17,hunted,f,1,107,NA,FALSE,FALSE
A2021/05298,2019,9,2019-09-14,hunted,f,5,112,TRUE,TRUE,TRUE
A2021/05301,2019,9,2019-09-27,hunted,m,10,138,NA,NA,NA
A2021/05476,2019,9,2019-09-27,hunted,m,11,122.5,NA,NA,NA
A2021/05479,2019,9,2019-09-04,hunted,m,12,134,NA,NA,NA
A2021/05525,2019,10,2019-10-08,hunted,f,10,123,TRUE,TRUE,FALSE
A2021/05527,2019,10,2019-10-10,hunted,m,2,113,NA,NA,NA
A2021/05528,2019,9,2019-09-27,hunted,m,5,122,NA,NA,NA
A2021/05945,2019,8,2019-08-30,hunted,f,5,123,TRUE,FALSE,FALSE
A2012/05555,2012,6,2012-06-03,bycaught,m,0,85.5,NA,NA,NA
A2012/05635,2012,8,2012-08-20,stranded,f,0,92,FALSE,FALSE,FALSE
A2012/05641,2012,8,2012-08-22,bycaught,f,0,96,FALSE,FALSE,FALSE
A2012/05700,2012,9,2012-09-05,bycaught,f,0,107.5,NA,FALSE,FALSE
A2012/05718,2012,9,2012-09-10,bycaught,m,0,101.5,NA,NA,NA
A2012/05761,2012,8,2012-08-10,bycaught,m,0,89,NA,NA,NA
A2012/05828,2012,6,2012-06-05,bycaught,m,0,84.5,NA,NA,NA
A2012/05911,2012,9,2012-09-03,bycaught,m,0,91.5,NA,NA,NA
A2012/05913,2012,8,2012-08-19,bycaught,f,0,87.5,FALSE,FALSE,FALSE
A2013/05007,2012,5,2012-05-22,bycaught,m,0,92,NA,NA,NA
A2013/05008,2012,8,2012-08-04,bycaught,f,0,91,NA,FALSE,FALSE
A2013/05084,2012,8,2012-08-22,bycaught,m,0,92,NA,NA,NA
A2013/05157,2012,5,2012-05-25,bycaught,f,0,96,NA,NA,NA
A2013/05158,2012,5,2012-05-25,bycaught,m,0,94,NA,NA,NA
A2013/05443,2012,10,2012-10-10,bycaught,m,0,105,NA,NA,NA
A2013/05446,2012,7,2012-07-15,bycaught,f,0,80.5,NA,FALSE,FALSE
A2013/05447,2013,8,2013-08-27,bycaught,f,0,101.5,NA,FALSE,FALSE
C2007/08042,2007,11,2007-11-01,hunted,f,2,117,FALSE,FALSE,FALSE
C2008/03749,2008,5,2008-05-21,hunted,f,12,126.5,FALSE,TRUE,TRUE
C2008/05469,2008,6,2008-06-05,hunted,f,1,101.5,FALSE,FALSE,FALSE
C2008/07795,2008,5,2005-05-20,hunted,f,4,124,FALSE,TRUE,TRUE
C2008/07994,2008,5,2008-05-30,hunted,f,4,114,FALSE,FALSE,FALSE
C2008/08633,2008,5,2008-05-30,hunted,m,1,111.5,NA,NA,NA
C2008/08853,2008,6,2008-06-03,hunted,f,3,111,FALSE,FALSE,FALSE
C2008/08858,2008,10,2008-10-29,hunted,m,5,125,NA,NA,NA
A2013/05512,2013,10,2013-10-12,bycaught,f,0,102.5,NA,FALSE,FALSE
C2008/08911,2008,5,2008-05-30,hunted,m,1,105.5,NA,NA,NA
C2008/09025,2008,10,2008-10-01,hunted,m,7,109,NA,NA,NA
C2009/00044,2009,NA,NA,hunted,m,7,136.5,NA,NA,NA
C2009/00045,2009,NA,NA,hunted,m,4,125,NA,NA,NA
C2009/08590,2009,10,2009-10-01,hunted,f,2,117.5,FALSE,FALSE,FALSE
C2009/08591,2009,10,2009-10-30,bycaught,f,10,144,TRUE,TRUE,NA
C2009/08995,2009,10,2009-10-01,hunted,m,25,124.5,NA,NA,NA
A2017/05788,2016,5,2016-05-07,hunted,m,3,110,NA,NA,NA
A2017/05789,2016,5,2016-05-14,hunted,f,10,150,NA,NA,NA
A2002/05049,2002,4,2002-04-29,bycaught,f,2,116,NA,NA,NA
A2014/05090,2012,9,2012-09-13,bycaught,f,0,91.5,FALSE,FALSE,FALSE
A2017/05443,2016,7,NA,bycaught,m,1,109,NA,NA,NA
A2014/05215,2012,7,2012-07-09,bycaught,f,0,99,FALSE,FALSE,FALSE
A2014/05216,2012,9,2012-09-07,bycaught,m,0,93.5,NA,NA,NA
A2014/05348,2012,5,NA,stranded,f,0,73.5,FALSE,FALSE,FALSE
A2014/05481,2012,9,2012-09-02,bycaught,m,0,102,NA,NA,NA
A2014/05483,2014,6,2014-06-09,stranded,m,0,87,NA,NA,NA
A2014/05505,2014,9,2014-09-05,bycaught,m,0,98,NA,NA,NA
A2014/05720,2013,11,2013-11-02,hunted,f,0,104,NA,FALSE,FALSE
A2015/05055,2014,8,2014-08-20,bycaught,f,0,98,FALSE,FALSE,FALSE
A2015/05079,2014,4,2014-04-02,stranded,m,0,103,NA,NA,NA
A2015/05209,2012,9,2012-09-12,bycaught,f,0,100,FALSE,FALSE,FALSE
A2015/05224,2014,6,2014-06-28,bycaught,f,0,91.5,FALSE,FALSE,FALSE
A2015/05225,2014,7,2014-07-09,bycaught,m,0,94.5,NA,NA,NA
A2015/05226,2014,8,2014-08-16,bycaught,f,0,93.5,FALSE,NA,FALSE
A2015/05284,2014,7,2014-07-04,bycaught,m,0,81.5,NA,NA,NA
A2015/05285,2014,5,2014-05-23,bycaught,m,0,73,NA,NA,NA
A2015/05286,2014,6,2014-06-27,bycaught,m,0,84,NA,NA,NA
A2015/05287,2014,6,2014-06-20,bycaught,f,0,83,FALSE,FALSE,FALSE
A2015/05288,2014,6,2014-06-26,bycaught,m,0,83,NA,NA,NA
A2015/05289,2013,6,2013-06-10,bycaught,m,0,77,NA,NA,NA
A2015/05291,2014,10,2014-10-03,bycaught,m,0,95,NA,NA,NA
A2015/05292,2014,6,2014-06-20,bycaught,m,0,87,NA,NA,NA
A2015/05316,2014,7,2014-07-19,bycaught,m,0,92.5,NA,NA,NA
A2015/05317,2014,5,2014-05-26,bycaught,m,0,76,NA,NA,NA
A2015/05318,2014,8,2014-08-16,bycaught,f,0,91,FALSE,FALSE,FALSE
A2015/05379,2014,9,2014-09-25,bycaught,f,0,96,FALSE,FALSE,FALSE
A2015/05477,2014,11,2014-11-06,bycaught,f,0,108,FALSE,FALSE,FALSE
A2015/05527,2015,7,2015-07-13,bycaught,m,0,91.5,NA,NA,NA
A2015/05591,2015,6,2015-05-06,hunted,m,33,142,NA,NA,NA
A2015/05605,2016,NA,NA,hunted,NA,0,NA,NA,NA,NA
A2015/05606,2013?,NA,NA,hunted,NA,0,NA,NA,NA,NA
A2015/05607,NA,NA,NA,hunted,NA,1,NA,NA,NA,NA
A2015/05608,NA,NA,NA,hunted,NA,0,NA,NA,NA,NA
A2015/05609,2015,6,2015-05-06,hunted,m,0,74,NA,NA,NA
A2015/05610,2015,6,2015-05-06,hunted,f,0,70,FALSE,FALSE,FALSE
A2015/05626,2015,5,2015-05-01,bycaught,m,0,91,NA,NA,NA
A2015/05631,2015,9,2015-09-29,bycaught,m,0,107,NA,NA,NA
A2015/05733,2015,5,2015-05-30,hunted,m,29,133.5,NA,NA,NA
A2016/05078,NA,2,NA,hunted,m,0,91,NA,NA,NA
A2016/05110,2015,7,2015-07-19,bycaught,m,0,100.5,NA,NA,NA
A2016/05133,2015,10,2015-10-09,bycaught,f,0,108,FALSE,FALSE,FALSE
A2016/05171,2015,10,2015-10-31,bycaught,f,0,96.5,FALSE,NA,FALSE
A2018/05298,2018,3,2018-03-15,NA,m,23,140,NA,NA,NA
A2016/05560,2016,9,2016-09-08,hunted,m,26,NA,NA,NA,NA
A2017/05118,2015,NA,NA,bycaught,m,0,93,NA,NA,NA
A2017/05119,2016,7,2016-07-09,bycaught,m,0,99.5,NA,NA,NA
A2017/05370,2015,5,2015-05-27,bycaught,f,0,64,FALSE,FALSE,FALSE
A2017/05585,2015,8,2015-08-16,hunted,m,0,82,NA,NA,NA
A2017/05586,2015,9,2015-09-04,bycaught,m,0,98,NA,NA,NA
A2017/05713,2016,5,2016-05-16,hunted,m,NA,137,NA,NA,NA
A2017/05753,2017,10,2017-10-14,bycaught,m,0,102,NA,NA,NA
A2018/05085,2015,6,2015-06-21,bycaught,m,0,80,NA,NA,NA
A2018/05086,2017,10,2017-10-21,bycaught,f,0,101,FALSE,FALSE,FALSE
A2018/05091,NA,NA,NA,hunted,f,2,115,FALSE,FALSE,FALSE
A2018/05096,2014-2017,9?,NA,hunted,f,6,126,TRUE,NA,NA
A2018/05099,2014-2017,Ej angivet,NA,hunted,m,15,139,NA,NA,NA
A2018/05105,2016,8,2016-08-21,bycaught,f,0,88,NA,FALSE,FALSE
A2018/05121,2015,11,NA,hunted,m,NA,41,NA,NA,NA
A2018/05144,2017,6,2017-06-03,bycaught,m,0,85,NA,NA,NA
A2018/05151,2017,12,2017-12-18,hunted,m,0,101,NA,NA,NA
A2018/05152,2014-2017,Ej angivet,NA,hunted,m,23,129,NA,NA,NA
A2018/05153,2017,10,2017-10-01,hunted,m,26,138,NA,NA,NA
A2018/05155,2015,NA,NA,hunted,m,32,148,NA,NA,NA
A2018/05191,NA,NA,NA,hunted,f,18,130,TRUE,TRUE,NA
A2018/05272,2014-2017,Ej angivet,NA,hunted,m,16,136,NA,NA,NA
A2018/05282,2017,10,2017-10-29,hunted,f,NA,36,NA,NA,NA
A2018/05319,2018,6,2018-06-14,hunted,f,32,NA,NA,NA,TRUE
A2018/05487,2016,10,2016-10-10,bycaught,m,0,95,NA,NA,NA
A2018/05550,2016,8,2016-08-28,bycaught,f,0,95,NA,FALSE,FALSE
A2018/05579,2017,11,2017-11-05,hunted,f,0,92,FALSE,FALSE,FALSE
A2018/05580,2016,8,2016-08-29,hunted,f,NA,128.5,FALSE,NA,NA
A2018/05582,2016,8,2016-08-01,bycaught,f,0,80,FALSE,FALSE,FALSE
A2018/05583,2016,8,2016-08-01,hunted,f,0,87,FALSE,FALSE,FALSE
A2018/05584,2015,5,2015-05-18,hunted,f,0,68,NA,FALSE,FALSE
A2018/05678,2018,5,2018-05-22,hunted,f,0,100,NA,FALSE,FALSE
A2018/05680,2018,5,2018-05-23,hunted,f,0,100,NA,FALSE,FALSE
A2018/05684,2018,5,2018-05-23,hunted,f,26,133,NA,TRUE,NA
A2018/05695,2018,NA,NA,bycaught,m,0,74.1,NA,NA,NA
A2019/05386,2019,6,2019-06-04,hunted,m,NA,145.5,NA,NA,NA
A2019/05390,2019,6,2019-06-07,hunted,f,0,101.5,FALSE,FALSE,FALSE
A2019/05652,2018,10,2018-10-20,hunted,f,NA,34,NA,NA,NA
A2020/05479,2019,5,2019-05-26,hunted,m,26,135,NA,NA,NA
A2020/05506,2019,5,2019-05-28,hunted,m,26,150,NA,NA,NA
A2020/05554,2019,5,2019-05-17,hunted,m,0,115,NA,NA,NA
A2020/05833,2019,8,2019-08-29,hunted,m,20,127.5,NA,NA,NA
A2020/05879,2015,5,2015-05-07,bycaught,f,0,78,NA,FALSE,FALSE
A2021/05026,2019,6,2019-06-02,hunted,f,NA,125,NA,TRUE,FALSE
A2021/05027,2019,6,2019-06-02,hunted,f,NA,105,NA,NA,NA
A2021/05028,2019,6,2019-05-16,hunted,m,27,145,NA,NA,NA
A2021/05219,2020,9,2020-09-01,hunted,f,NA,140,TRUE,FALSE,FALSE
A2021/05226,2020,9,2020-09-01,hunted,f,16,136,FALSE,FALSE,FALSE
A2021/05227,2020,10,2020-10-02,hunted,m,NA,136,NA,NA,NA
A2021/05232,2020,12,2020-12-12,stranded,f,20,133.5,FALSE,TRUE,NA
A2021/05239,2020,9,2020-09-02,hunted,m,NA,146,NA,NA,NA
A2021/05246,2020,10,2020-10-16,hunted,m,11,144,NA,NA,NA
A2021/05247,2020,10,2020-10-12,hunted,f,NA,132,FALSE,FALSE,FALSE
A2021/05249,2020,10,2020-10-16,hunted,m,NA,150,NA,NA,NA
A2021/05252,2020,9,2020-09-02,hunted,f,NA,136,TRUE,FALSE,FALSE
A2021/05274,2020,10,2020-10-16,hunted,f,NA,135,TRUE,TRUE,NA
A2021/05276,2019,9,2019-09-05,hunted,m,27,138.5,NA,NA,NA
A2021/05280,2020,5,2020-05-15,hunted,f,0,110,NA,FALSE,FALSE
A2021/05281,2020,5,2020-05-15,hunted,f,0,113,NA,FALSE,FALSE
A2021/05287,2020,5,2020-05-17,hunted,f,0,100,NA,FALSE,FALSE
A2021/05290,2020,?,NA,bycaught,m,0,NA,NA,NA,NA
A2021/05291,2020,5,2020-05-31,hunted,f,5,115,NA,FALSE,FALSE
A2021/05295,2020,5,2020-05-17,hunted,f,0,105,NA,FALSE,FALSE
A2021/05299,2020,?,NA,bycaught,f,0,80,NA,FALSE,FALSE
A2021/05300,2020,?,NA,bycaught,m,0,85,NA,NA,NA
A2021/05480,2019,9,2019-09-04,hunted,m,0,92,NA,NA,NA
A2021/05495,2019,9,2019-09-04,hunted,f,0,91,FALSE,FALSE,FALSE
A2021/05519,2019,10,2019-10-06,hunted,f,0,90,NA,FALSE,FALSE
A2021/05521,2019,10,2019-10-10,hunted,f,NA,127.5,TRUE,FALSE,TRUE
A2021/05568,2019,6,2019-06-07,hunted,m,NA,129,NA,NA,NA
A2002/05130,2002,9,2002-09-24,bycaught,m,1,107.7,NA,NA,NA
A2007/05298,2007,7,2007-07-05,bycaught,f,2,108.5,FALSE,NA,NA
A2007/05320,2007,10,2007-10-02,bycaught,m,1,105.5,NA,NA,NA
A2007/05395,2007,11,2007-11-05,bycaught,f,1,113,FALSE,FALSE,FALSE
A2013/05342,2013,8,2013-08-02,NA,m,14,127.5,NA,NA,NA
A2014/05144,2013,11,2013-11-19,bycaught,m,3,123.5,NA,NA,NA
A2015/05360,2015,5,2015-05-21,bycaught,f,1,104,FALSE,NA,NA
A2015/05491,2015,4,2015-04-17,hunted,m,5,120,NA,NA,NA
A2015/05492,2015,4,2015-04-15,hunted,f,3,105,NA,NA,NA
C2006/05077,2004,NA,NA,bycaught,f,NA,62,NA,NA,NA
C2007/08043,2007,11,2007-11-01,hunted,f,0,94.5,FALSE,FALSE,FALSE
C2008/00532,2008,6,2008-06-16,bycaught,f,0,87,FALSE,FALSE,FALSE
C2008/00537,2008,7,2008-07-08,bycaught,m,0,84.5,NA,NA,NA
C2008/03750,2008,10,2008-10-01,bycaught,f,27,150,TRUE,TRUE,TRUE
C2008/05223,2008,6,2008-06-21,bycaught,f,0,74.5,NA,FALSE,FALSE
C2008/08618,2008,11,2008-11-12,hunted,f,0,120,FALSE,FALSE,FALSE
C2008/08900,2008,6,2008-06-16,hunted,f,0,94.5,FALSE,FALSE,FALSE
C2008/09137,2008,NA,NA,bycaught,f,26,NA,FALSE,FALSE,NA
A2015/05652,2015,10,2015-10-03,hunted,m,1,120,NA,NA,NA
C2004/05347,2004,6,2004-06-16,hunted,m,5,112,NA,NA,NA
A2014/05132,2013,11,2013-11-07,hunted,f,11,118,FALSE,FALSE,NA
A2014/05159,2013,11,2013-11-07,hunted,f,12,124,TRUE,NA,NA
C2009/08592,2009,10,2009-10-28,bycaught,f,0,85,NA,NA,NA
A2021/05546,2020,5,2020-05-25,hunted,f,NA,120,FALSE,TRUE,TRUE
A2021/05941,2019,8,2019-08-28,hunted,m,13,132,NA,NA,NA
A2021/05942,2019,8,2019-08-28,hunted,f,NA,133.5,TRUE,TRUE,TRUE
A2021/05943,2019,8,2019-08-28,hunted,f,7,127,TRUE,TRUE,FALSE
A2021/05944,2019,9,2019-09-29,hunted,m,5,127,NA,NA,NA
A2021/05946,2019,9,2019-09-27,hunted,f,1,92,FALSE,FALSE,FALSE
A2021/05947,2019,9,2019-09-03,hunted,f,9,128,TRUE,FALSE,FALSE
A2021/05948,2019,8,2019-08-31,hunted,f,9,123,TRUE,TRUE,TRUE
A2021/05949,2019,9,2019-09-07,hunted,f,6,133,TRUE,FALSE,FALSE
A2021/05950,2019,9,2019-09-18,hunted,m,20,125,NA,NA,NA
A2021/05951,2019,9,2019-09-15,hunted,m,12,136,NA,NA,NA
A2021/05952,2019,9,2019-09-14,hunted,m,21,133,NA,NA,NA
A2021/05953,2019,10,2019-10-10,hunted,m,0,83,NA,NA,NA
A2021/05954,2019,9,2019-09-18,hunted,m,13,122,NA,NA,NA
A2021/08066,2021,6,2021-06-13,bycaught,m,0,78,NA,NA,NA
A2021/08067,2021,10,2021-10-13,hunted,m,NA,138,NA,NA,NA
A2021/08150,2021,9,2021-09-04,hunted,m,NA,115,NA,NA,NA
A2021/08151,2021,9,2021-09-04,hunted,f,NA,107,FALSE,NA,NA
A2021/08152,2021,9,2021-09-04,hunted,m,NA,125,NA,NA,NA
A2021/08177,2021,9,2021-09-18,hunted,f,NA,127,TRUE,FALSE,FALSE
A2021/08178,2021,9,2021-09-01,hunted,f,11,140,TRUE,FALSE,FALSE
A2021/08179,2021,9,2021-09-01,hunted,m,22,147,NA,NA,NA
A2021/08194,2021,9,2021-09-05,hunted,f,6,137,TRUE,FALSE,FALSE
A2021/08218,2019,10,2019-10-10,hunted,m,13,133.5,NA,NA,NA
A2021/08219,2019,9,2019-09-18,hunted,m,9,122.5,NA,NA,NA
A2021/08220,2021,10,2021-10-09,hunted,m,NA,139,NA,NA,NA
A2021/08221,2021,9,2021-09-16,hunted,m,NA,143,NA,NA,NA
A2021/08222,2021,9,2021-09-18,hunted,m,NA,139,NA,NA,NA
A2021/08223,2021,9,2021-09-16,hunted,m,NA,139,NA,NA,NA
A2021/08224,2021,9,2021-09-18,hunted,m,NA,157,NA,NA,NA
A2021/08225,2021,10,2021-10-10,hunted,f,NA,134,TRUE,FALSE,FALSE
A2021/08226,2021,9,2021-09-16,hunted,m,NA,131,NA,NA,NA
A2021/08227,2021,10,2021-10-13,hunted,m,NA,150,NA,NA,NA
A2021/08228,2021,10,2021-10-13,hunted,f,NA,145,TRUE,FALSE,FALSE
A2021/08229,2021,10,2021-10-13,hunted,m,NA,150,NA,NA,NA
A2021/08230,2021,9,2021-09-01,hunted,f,NA,140,TRUE,FALSE,FALSE
A2021/08231,2019,9,2019-09-23,hunted,f,0,91,FALSE,FALSE,FALSE
A2021/08232,2021,9,2021-09-01,hunted,f,NA,135,TRUE,FALSE,FALSE
A2021/08233,2021,10,2021-10-13,hunted,f,NA,138,TRUE,FALSE,FALSE
A2021/08234,2021,9,2021-09-05,hunted,f,NA,133,TRUE,FALSE,FALSE
A2021/08249,2021,9,2021-09-01,hunted,m,NA,145,NA,NA,NA
A2021/08250,2021,9,2021-09-11,hunted,f,NA,140,TRUE,FALSE,FALSE
A2021/08251,2021,10,2021-10-13,hunted,m,NA,140,NA,NA,NA
A2022/00003,2021,9,2021-09-01,hunted,m,25,145,NA,NA,NA
A2022/00004,2021,5,2021-05-10,hunted,f,8,115,FALSE,TRUE,FALSE
A2022/00005,2021,10,2021-10-10,hunted,m,NA,148,NA,NA,NA
A2022/00006,2021,10,2021-10-13,hunted,f,4,125,TRUE,FALSE,FALSE
A2022/00007,2021,9,2021-09-09,hunted,f,25,146,TRUE,FALSE,FALSE
A2022/00008,2021,10,2021-10-09,hunted,m,10,137,NA,NA,NA
A2022/00009,2021,9,2021-09-01,hunted,m,14,152,NA,NA,NA
A2022/00010,2021,10,2021-10-09,hunted,f,9,127,TRUE,FALSE,FALSE
A2022/00011,2019,9,2019-09-07,hunted,m,3,130,NA,NA,NA
A2022/00014,2019,9,2019-09-07,hunted,m,16,136,NA,NA,NA
A2022/00015,2019,9,2019-09-07,hunted,m,16,113.5,NA,NA,NA
A2022/00016,2021,10,2021-10-19,hunted,f,13,141,TRUE,FALSE,FALSE
A2022/00023,2019,5,2019-05-17,hunted,f,1,100,FALSE,FALSE,FALSE
A2022/00024,2019,5,2019-05-17,hunted,f,2,102,FALSE,FALSE,FALSE
A2022/00025,2019,5,2019-05-18,hunted,m,2,106,NA,NA,NA
A2022/00026,2021,5,2021-05-16,hunted,f,10,107,FALSE,TRUE,TRUE
A2022/00027,2021,5,2021-05-16,hunted,f,2,100,FALSE,FALSE,FALSE
A2022/00028,2021,5,2021-05-16,hunted,f,8,119,FALSE,TRUE,TRUE
A2022/00029,2021,5,2021-05-16,hunted,f,6,120,FALSE,TRUE,FALSE
A2022/00030,2021,5,2021-05-10,hunted,f,1,106,FALSE,FALSE,FALSE
A2022/00031,2021,5,2021-05-16,hunted,f,10,128,FALSE,TRUE,TRUE
A2022/00032,2021,5,2021-05-13,hunted,f,9,120,FALSE,TRUE,TRUE
A2022/00033,2021,5,2021-05-15,hunted,f,13,115,FALSE,TRUE,FALSE
A2022/00034,2021,5,2021-05-16,hunted,f,7,125,FALSE,TRUE,TRUE
A2022/00035,2021,5,2021-05-16,hunted,f,6,120,FALSE,TRUE,TRUE
A2022/00036,2021,5,2021-05-10,hunted,f,0,106,FALSE,FALSE,FALSE
A2022/00037,2021,5,2021-05-16,hunted,f,16,120,FALSE,FALSE,FALSE
A2022/00038,2019,10,2019-10-10,hunted,m,28,135,NA,NA,NA
B2022/00001,2019,10,2019-10-10,hunted,m,1,122,NA,NA,NA
B2022/00083,2021,5,2021-05-07,hunted,f,11,135,FALSE,TRUE,TRUE
B2022/00084,2021,5,2021-05-07,hunted,f,9,135,FALSE,TRUE,TRUE
B2022/00085,2021,5,2021-05-05,hunted,f,7,130,FALSE,NA,NA
B2022/00086,2021,5,2021-05-06,hunted,f,1,115,FALSE,FALSE,FALSE
B2022/00087,2021,5,2021-05-16,hunted,f,5,122,FALSE,NA,TRUE
B2022/00088,2021,5,2021-05-16,hunted,f,8,119,FALSE,TRUE,FALSE
B2022/00089,2019,10,2019-10-10,hunted,f,NA,134,TRUE,TRUE,FALSE
B2022/00133,2021,10,2021-10-19,hunted,f,7,134,TRUE,FALSE,FALSE
B2022/00341,2021,10,2021-10-19,hunted,f,NA,31,NA,NA,NA
B2022/00342,2021,10,2021-10-19,hunted,f,NA,142,TRUE,FALSE,FALSE
B2022/00343,2021,10,2021-10-13,hunted,m,NA,130,NA,NA,NA
B2022/00344,2021,10,2021-10-13,hunted,m,NA,134,NA,NA,NA
B2022/00345,2021,10,2021-10-13,hunted,f,NA,130,TRUE,FALSE,FALSE
B2022/00346,2021,10,2021-10-13,hunted,f,0,95,FALSE,NA,NA
B2022/00347,2021,9,2021-09-05,hunted,f,NA,130,FALSE,FALSE,FALSE
B2022/00348,2021,5,2021-05-10,hunted,f,NA,122,NA,FALSE,FALSE
B2022/00349,2021,5,2021-05-16,hunted,f,15,136,NA,TRUE,TRUE
B2022/00350,2021,5,2021-05-16,hunted,f,NA,121,NA,TRUE,TRUE
B2022/00351,2021,5,2021-05-16,hunted,f,NA,119,NA,TRUE,TRUE
B2022/00352,2021,5,2021-05-16,hunted,f,NA,124,NA,TRUE,TRUE
B2022/00353,2021,5,2021-05-10,hunted,f,0,100,FALSE,FALSE,FALSE
B2022/00354,2021,5,2021-05-16,hunted,f,NA,114,NA,FALSE,FALSE
B2022/00355,2021,5,2021-05-16,hunted,f,NA,122,NA,TRUE,TRUE
B2022/00360,2021,10,2021-10-19,hunted,m,NA,31,NA,NA,NA
B2022/00474,2021,9,2021-09-05,hunted,m,NA,128,NA,NA,NA
B2022/00599,2021,5,2021-05-16,hunted,f,NA,133,NA,NA,NA
B2022/00600,2021,5,2021-05-16,hunted,f,NA,108,FALSE,FALSE,FALSE
B2022/00601,2021,5,2021-05-16,hunted,f,0,104,FALSE,FALSE,FALSE
B2022/00602,2021,5,2021-05-16,hunted,f,NA,129,FALSE,TRUE,TRUE
B2022/00619,2019,5,2019-05-17,hunted,f,4,125,FALSE,FALSE,FALSE
B2022/00620,2019,5,2019-05-17,hunted,f,9,135,FALSE,FALSE,FALSE
B2022/00621,2019,5,2019-05-23,hunted,m,0,125,NA,NA,NA
B2022/00622,2019,5,2019-05-23,hunted,f,NA,120,FALSE,FALSE,FALSE
B2022/00623,2019,5,2019-05-26,hunted,m,NA,110,NA,NA,NA
B2022/00624,2019,5,2019-05-16,hunted,f,NA,125,FALSE,FALSE,FALSE
B2022/00625,2020,5,2020-05-07,hunted,f,NA,103,FALSE,FALSE,FALSE
B2022/00626,2020,5,2020-05-01,hunted,f,0,100,FALSE,FALSE,FALSE
B2022/00627,2020,5,2020-05-01,hunted,f,0,110,FALSE,FALSE,FALSE
B2022/00628,2020,5,2020-05-09,hunted,f,0,100,FALSE,FALSE,FALSE
B2022/00629,2020,5,2020-05-08,hunted,f,31,125,FALSE,TRUE,FALSE
B2022/00630,2020,5,2020-05-08,hunted,f,0,103,FALSE,FALSE,FALSE
B2022/00631,2022,5,2022-05-29,hunted,f,2,101,FALSE,FALSE,FALSE
B2022/00632,2020,5,2020-05-08,hunted,m,5,125,NA,NA,NA
B2022/00763,2022,5,2022-05-29,hunted,f,NA,134,FALSE,TRUE,FALSE
B2022/00764,2021,5,2021-05-14,hunted,f,NA,119,FALSE,FALSE,FALSE
B2022/00911,2019,5,2019-05-15,hunted,m,NA,135,NA,NA,NA
B2022/00912,2019,5,2019-05-17,hunted,m,0,105,NA,NA,NA
B2022/00913,2019,5,2019-05-15,hunted,f,NA,135,FALSE,FALSE,NA
B2022/00914,2019,5,2019-05-18,hunted,m,0,106,NA,NA,NA
B2022/00915,2019,5,2019-05-05,hunted,f,NA,127,NA,TRUE,TRUE
B2022/02881,2022,6,2022-06-13,hunted,f,NA,154,FALSE,TRUE,TRUE
B2022/02882,2022,6,2022-06-13,hunted,f,NA,110,FALSE,TRUE,TRUE
B2022/02883,2022,5,2022-05-04,hunted,f,NA,123,FALSE,FALSE,FALSE
B2022/02884,2022,5,2022-05-30,hunted,f,NA,135,FALSE,FALSE,FALSE
B2022/02885,2022,5,2022-05-04,hunted,f,NA,130,FALSE,TRUE,TRUE
B2022/02886,2022,5,2022-05-04,hunted,f,NA,138,FALSE,TRUE,TRUE
B2022/02887,2022,5,2022-05-04,hunted,f,NA,130,FALSE,FALSE,FALSE
B2022/02888,2022,5,2022-05-01,hunted,f,NA,135,FALSE,TRUE,TRUE
B2022/02889,2022,5,2022-05-26,hunted,f,NA,NA,FALSE,TRUE,FALSE
B2022/02890,2022,5,2022-05-01,hunted,f,NA,133,FALSE,TRUE,TRUE
B2022/02981,2022,5,2022-05-01,hunted,f,NA,101,FALSE,FALSE,NA
B2022/02982,2022,5,2022-05-01,hunted,f,NA,103,NA,NA,NA
B2022/02983,2022,5,2022-05-01,hunted,f,NA,122,FALSE,TRUE,TRUE
B2022/02984,2022,5,2022-05-01,hunted,f,NA,140,FALSE,TRUE,TRUE
B2022/02985,2022,5,2022-05-01,hunted,f,NA,113,FALSE,FALSE,NA
B2022/03286,2022,5,2022-05-01,hunted,f,NA,109,FALSE,FALSE,NA
B2022/03486,2022,9,2022-09-04,hunted,f,0,90,NA,NA,NA
B2022/03487,2022,9,2022-09-01,hunted,m,0,85,NA,NA,NA
B2022/06878,2022,9,2022-09-01,hunted,m,0,90,NA,NA,NA
B2022/07642,2022,9,2022-09-04,hunted,f,0,95,NA,NA,NA